13:42:56, Iteration_20190612_13_41_05,  test_case_complete ### TEST PASSED, <SUCCESS>, TIME TO SCAN: 4.39 secs, TIME TO CONNECT: 13.77 secs, TIME TO PAIR: 8.97 secs, 
13:44:34, Iteration_20190612_13_43_00,  test_case_complete ### TEST PASSED, <SUCCESS>, TIME TO SCAN: 5.23 secs, TIME TO CONNECT: 13.38 secs, TIME TO PAIR: 4.39 secs, 
13:46:09, Iteration_20190612_13_44_37,  test_case_complete ### TEST PASSED, <SUCCESS>, TIME TO SCAN: 5.49 secs, TIME TO CONNECT: 9.03 secs, TIME TO PAIR: 7.76 secs, 
13:47:36, Iteration_20190612_13_46_13,  test_case_complete ### TEST PASSED, <SUCCESS>, TIME TO SCAN: 0.98 secs, TIME TO CONNECT: 7.4 secs, TIME TO PAIR: 4.11 secs, 
13:49:43, Iteration_20190612_13_48_02,  test_case_complete ### TEST PASSED, <SUCCESS>, TIME TO SCAN: 3.63 secs, TIME TO CONNECT: 16.14 secs, TIME TO PAIR: 9.31 secs, 
13:51:25, Iteration_20190612_13_49_46,  test_case_complete ### TEST PASSED, <SUCCESS>, TIME TO SCAN: 3.6 secs, TIME TO CONNECT: 15.41 secs, TIME TO PAIR: 5.07 secs, 
13:54:39, Iteration_20190612_13_51_29,  test_case_complete ### TEST PASSED, <SUCCESS>, TIME TO SCAN: 7.45 secs, TIME TO CONNECT: 105.63 secs, TIME TO PAIR: 4.23 secs, 
13:56:10, Iteration_20190612_13_54_43,  test_case_complete ### TEST PASSED, <SUCCESS>, TIME TO SCAN: 2.12 secs, TIME TO CONNECT: 10.2 secs, TIME TO PAIR: 1.64 secs, 
13:57:37, Iteration_20190612_13_56_14,  test_case_complete ### TEST PASSED, <SUCCESS>, TIME TO SCAN: 1.27 secs, TIME TO CONNECT: 8.1 secs, TIME TO PAIR: 4.1 secs, 
13:59:10, Iteration_20190612_13_57_41,  test_case_complete ### TEST PASSED, <SUCCESS>, TIME TO SCAN: 0.91 secs, TIME TO CONNECT: 16.04 secs, TIME TO PAIR: 3.5 secs, 
14:00:46, Iteration_20190612_13_59_14,  test_case_complete ### TEST PASSED, <SUCCESS>, TIME TO SCAN: 5.16 secs, TIME TO CONNECT: 9.21 secs, TIME TO PAIR: 7.01 secs, 
14:02:27, Iteration_20190612_14_00_50,  test_case_complete ### TEST PASSED, <SUCCESS>, TIME TO SCAN: 5.84 secs, TIME TO CONNECT: 12.86 secs, TIME TO PAIR: 6.89 secs, 
14:04:16, Iteration_20190612_14_02_31,  test_case_complete ### TEST PASSED, <SUCCESS>, TIME TO SCAN: 8.36 secs, TIME TO CONNECT: 16.14 secs, TIME TO PAIR: 3.73 secs, 
14:05:56, Iteration_20190612_14_04_20,  test_case_complete ### TEST PASSED, <SUCCESS>, TIME TO SCAN: 6.99 secs, TIME TO CONNECT: 12.36 secs, TIME TO PAIR: 5.22 secs, 
14:07:31, Iteration_20190612_14_06_00,  test_case_complete ### TEST PASSED, <SUCCESS>, TIME TO SCAN: 4.19 secs, TIME TO CONNECT: 8.11 secs, TIME TO PAIR: 5.24 secs, 
14:09:08, Iteration_20190612_14_07_34,  test_case_complete ### TEST PASSED, <SUCCESS>, TIME TO SCAN: 0.96 secs, TIME TO CONNECT: 14.06 secs, TIME TO PAIR: 4.95 secs, 
14:10:39, Iteration_20190612_14_09_11,  test_case_complete ### TEST PASSED, <SUCCESS>, TIME TO SCAN: 1.19 secs, TIME TO CONNECT: 5.89 secs, TIME TO PAIR: 6.99 secs, 
14:12:19, Iteration_20190612_14_10_42,  test_case_complete ### TEST PASSED, <SUCCESS>, TIME TO SCAN: 10.61 secs, TIME TO CONNECT: 9.43 secs, TIME TO PAIR: 3.94 secs, 
14:15:07, Iteration_20190612_14_12_22,  test_case_complete ### TEST PASSED, <SUCCESS>, TIME TO SCAN: 15.99 secs, TIME TO CONNECT: 7.0 secs, TIME TO PAIR: 70.35 secs, 
14:16:53, Iteration_20190612_14_15_11,  test_case_complete ### TEST PASSED, <SUCCESS>, TIME TO SCAN: 5.44 secs, TIME TO CONNECT: 19.25 secs, TIME TO PAIR: 3.85 secs, 
14:18:33, Iteration_20190612_14_16_56,  test_case_complete ### TEST PASSED, <SUCCESS>, TIME TO SCAN: 3.68 secs, TIME TO CONNECT: 7.27 secs, TIME TO PAIR: 8.86 secs, 
14:21:14, Iteration_20190612_14_18_37,  test_case_complete ### TEST PASSED, <SUCCESS>, TIME TO SCAN: 2.68 secs, TIME TO CONNECT: 10.68 secs, TIME TO PAIR: 71.17 secs, 
14:22:52, Iteration_20190612_14_21_17,  test_case_complete ### TEST PASSED, <SUCCESS>, TIME TO SCAN: 4.58 secs, TIME TO CONNECT: 10.63 secs, TIME TO PAIR: 1.71 secs, 
14:24:24, Iteration_20190612_14_22_56,  test_case_complete ### TEST PASSED, <SUCCESS>, TIME TO SCAN: 0.95 secs, TIME TO CONNECT: 9.46 secs, TIME TO PAIR: 3.82 secs, 
14:25:54, Iteration_20190612_14_24_27,  test_case_complete ### TEST PASSED, <SUCCESS>, TIME TO SCAN: 1.17 secs, TIME TO CONNECT: 12.64 secs, TIME TO PAIR: 3.0 secs, 
14:27:25, Iteration_20190612_14_25_57,  test_case_complete ### TEST PASSED, <SUCCESS>, TIME TO SCAN: 2.89 secs, TIME TO CONNECT: 7.96 secs, TIME TO PAIR: 3.74 secs, 
14:29:03, Iteration_20190612_14_27_29,  test_case_complete ### TEST PASSED, <SUCCESS>, TIME TO SCAN: 2.95 secs, TIME TO CONNECT: 10.1 secs, TIME TO PAIR: 4.98 secs, 
14:30:49, Iteration_20190612_14_29_07,  test_case_complete ### TEST PASSED, <SUCCESS>, TIME TO SCAN: 4.16 secs, TIME TO CONNECT: 14.5 secs, TIME TO PAIR: 7.45 secs, 
14:32:37, Iteration_20190612_14_30_53,  test_case_complete ### TEST PASSED, <SUCCESS>, TIME TO SCAN: 6.98 secs, TIME TO CONNECT: 17.57 secs, TIME TO PAIR: 3.88 secs, 
14:34:13, Iteration_20190612_14_32_41,  test_case_complete ### TEST PASSED, <SUCCESS>, TIME TO SCAN: 2.57 secs, TIME TO CONNECT: 7.84 secs, TIME TO PAIR: 6.64 secs, 
14:35:57, Iteration_20190612_14_34_17,  test_case_complete ### TEST PASSED, <SUCCESS>, TIME TO SCAN: 5.38 secs, TIME TO CONNECT: 11.02 secs, TIME TO PAIR: 4.49 secs, 
14:37:42, Iteration_20190612_14_36_01,  test_case_complete ### TEST PASSED, <SUCCESS>, TIME TO SCAN: 5.62 secs, TIME TO CONNECT: 11.15 secs, TIME TO PAIR: 7.88 secs, 
14:39:23, Iteration_20190612_14_37_46,  test_case_complete ### TEST PASSED, <SUCCESS>, TIME TO SCAN: 10.88 secs, TIME TO CONNECT: 9.8 secs, TIME TO PAIR: 1.79 secs, 
14:40:59, Iteration_20190612_14_39_27,  test_case_complete ### TEST PASSED, <SUCCESS>, TIME TO SCAN: 3.87 secs, TIME TO CONNECT: 10.69 secs, TIME TO PAIR: 1.54 secs, 
14:41:41, Iteration_20190612_14_41_03,  Unpaired, <OTHER ERROR>, , , , 
14:43:21, Iteration_20190612_14_41_47,  test_case_complete ### TEST PASSED, <SUCCESS>, TIME TO SCAN: 0.98 secs, TIME TO CONNECT: 11.99 secs, TIME TO PAIR: 4.11 secs, 
14:44:02, Iteration_20190612_14_43_25,  Unpaired, <OTHER ERROR>, , , , 
14:45:40, Iteration_20190612_14_44_07,  test_case_complete ### TEST PASSED, <SUCCESS>, TIME TO SCAN: 1.83 secs, TIME TO CONNECT: 10.09 secs, TIME TO PAIR: 4.3 secs, 
14:47:24, Iteration_20190612_14_45_45,  test_case_complete ### TEST PASSED, <SUCCESS>, TIME TO SCAN: 6.44 secs, TIME TO CONNECT: 15.19 secs, TIME TO PAIR: 1.54 secs, 
14:48:58, Iteration_20190612_14_47_28,  test_case_complete ### TEST PASSED, <SUCCESS>, TIME TO SCAN: 0.95 secs, TIME TO CONNECT: 11.42 secs, TIME TO PAIR: 3.55 secs, 
14:50:44, Iteration_20190612_14_49_03,  test_case_complete ### TEST PASSED, <SUCCESS>, TIME TO SCAN: 2.59 secs, TIME TO CONNECT: 10.83 secs, TIME TO PAIR: 3.99 secs, 
14:52:38, Iteration_20190612_14_50_48,  test_case_complete ### TEST PASSED, <SUCCESS>, TIME TO SCAN: 6.51 secs, TIME TO CONNECT: 16.24 secs, TIME TO PAIR: 0.91 secs, 
14:54:26, Iteration_20190612_14_52_42,  test_case_complete ### TEST PASSED, <SUCCESS>, TIME TO SCAN: 10.69 secs, TIME TO CONNECT: 12.74 secs, TIME TO PAIR: 1.64 secs, 
14:56:05, Iteration_20190612_14_54_30,  test_case_complete ### TEST PASSED, <SUCCESS>, TIME TO SCAN: 2.08 secs, TIME TO CONNECT: 9.91 secs, TIME TO PAIR: 3.45 secs, 
14:57:50, Iteration_20190612_14_56_09,  test_case_complete ### TEST PASSED, <SUCCESS>, TIME TO SCAN: 3.73 secs, TIME TO CONNECT: 16.31 secs, TIME TO PAIR: 4.1 secs, 
14:59:30, Iteration_20190612_14_57_54,  test_case_complete ### TEST PASSED, <SUCCESS>, TIME TO SCAN: 6.49 secs, TIME TO CONNECT: 12.57 secs, TIME TO PAIR: 1.62 secs, 
15:01:05, Iteration_20190612_14_59_34,  test_case_complete ### TEST PASSED, <SUCCESS>, TIME TO SCAN: 3.44 secs, TIME TO CONNECT: 7.12 secs, TIME TO PAIR: 3.98 secs, 
15:04:26, Iteration_20190612_15_01_09,  ### VERIFICATION FAILED :: + click on HP Sprocket Select (01:C2), <FAILURE>, TIME TO SCAN: 1.93 secs, , , 
15:06:10, Iteration_20190612_15_04_32,  test_case_complete ### TEST PASSED, <SUCCESS>, TIME TO SCAN: 0.94 secs, TIME TO CONNECT: 7.76 secs, TIME TO PAIR: 3.79 secs, 
15:07:48, Iteration_20190612_15_06_15,  test_case_complete ### TEST PASSED, <SUCCESS>, TIME TO SCAN: 0.94 secs, TIME TO CONNECT: 9.24 secs, TIME TO PAIR: 3.8 secs, 
15:09:33, Iteration_20190612_15_07_53,  test_case_complete ### TEST PASSED, <SUCCESS>, TIME TO SCAN: 7.89 secs, TIME TO CONNECT: 16.22 secs, TIME TO PAIR: 3.57 secs, 
15:11:22, Iteration_20190612_15_09_37,  test_case_complete ### TEST PASSED, <SUCCESS>, TIME TO SCAN: 7.09 secs, TIME TO CONNECT: 11.2 secs, TIME TO PAIR: 7.84 secs, 
15:14:02, Iteration_20190612_15_11_27,  test_case_complete ### TEST PASSED, <SUCCESS>, TIME TO SCAN: 10.44 secs, TIME TO CONNECT: 7.86 secs, TIME TO PAIR: 64.78 secs, 
15:15:38, Iteration_20190612_15_14_07,  test_case_complete ### TEST PASSED, <SUCCESS>, TIME TO SCAN: 2.07 secs, TIME TO CONNECT: 10.15 secs, TIME TO PAIR: 4.35 secs, 
15:18:14, Iteration_20190612_15_15_43,  test_case_complete ### TEST PASSED, <SUCCESS>, TIME TO SCAN: 0.94 secs, TIME TO CONNECT: 6.97 secs, TIME TO PAIR: 69.17 secs, 
15:19:55, Iteration_20190612_15_18_19,  test_case_complete ### TEST PASSED, <SUCCESS>, TIME TO SCAN: 6.03 secs, TIME TO CONNECT: 7.22 secs, TIME TO PAIR: 7.37 secs, 
15:21:31, Iteration_20190612_15_19_59,  test_case_complete ### TEST PASSED, <SUCCESS>, TIME TO SCAN: 1.01 secs, TIME TO CONNECT: 8.7 secs, TIME TO PAIR: 7.84 secs, 
15:23:20, Iteration_20190612_15_21_35,  test_case_complete ### TEST PASSED, <SUCCESS>, TIME TO SCAN: 9.91 secs, TIME TO CONNECT: 15.57 secs, TIME TO PAIR: 1.74 secs, 
15:25:00, Iteration_20190612_15_23_25,  test_case_complete ### TEST PASSED, <SUCCESS>, TIME TO SCAN: 5.45 secs, TIME TO CONNECT: 6.45 secs, TIME TO PAIR: 8.12 secs, 
15:26:32, Iteration_20190612_15_25_04,  test_case_complete ### TEST PASSED, <SUCCESS>, TIME TO SCAN: 1.39 secs, TIME TO CONNECT: 9.69 secs, TIME TO PAIR: 4.65 secs, 
15:28:14, Iteration_20190612_15_26_36,  test_case_complete ### TEST PASSED, <SUCCESS>, TIME TO SCAN: 5.59 secs, TIME TO CONNECT: 8.55 secs, TIME TO PAIR: 6.56 secs, 
15:29:56, Iteration_20190612_15_28_18,  test_case_complete ### TEST PASSED, <SUCCESS>, TIME TO SCAN: 3.66 secs, TIME TO CONNECT: 13.77 secs, TIME TO PAIR: 5.44 secs, 
15:31:42, Iteration_20190612_15_30_01,  test_case_complete ### TEST PASSED, <SUCCESS>, TIME TO SCAN: 8.19 secs, TIME TO CONNECT: 15.5 secs, TIME TO PAIR: 3.79 secs, 
15:33:14, Iteration_20190612_15_31_46,  test_case_complete ### TEST PASSED, <SUCCESS>, TIME TO SCAN: 3.65 secs, TIME TO CONNECT: 7.75 secs, TIME TO PAIR: 1.72 secs, 
15:34:49, Iteration_20190612_15_33_18,  test_case_complete ### TEST PASSED, <SUCCESS>, TIME TO SCAN: 2.64 secs, TIME TO CONNECT: 7.39 secs, TIME TO PAIR: 3.81 secs, 
15:36:27, Iteration_20190612_15_34_54,  test_case_complete ### TEST PASSED, <SUCCESS>, TIME TO SCAN: 4.5 secs, TIME TO CONNECT: 7.15 secs, TIME TO PAIR: 3.91 secs, 
15:38:03, Iteration_20190612_15_36_32,  test_case_complete ### TEST PASSED, <SUCCESS>, TIME TO SCAN: 0.99 secs, TIME TO CONNECT: 15.25 secs, TIME TO PAIR: 3.58 secs, 
15:39:44, Iteration_20190612_15_38_07,  test_case_complete ### TEST PASSED, <SUCCESS>, TIME TO SCAN: 4.94 secs, TIME TO CONNECT: 9.77 secs, TIME TO PAIR: 7.69 secs, 
15:41:37, Iteration_20190612_15_39_49,  test_case_complete ### TEST PASSED, <SUCCESS>, TIME TO SCAN: 6.72 secs, TIME TO CONNECT: 20.21 secs, TIME TO PAIR: 4.49 secs, 
15:43:10, Iteration_20190612_15_41_42,  test_case_complete ### TEST PASSED, <SUCCESS>, TIME TO SCAN: 2.94 secs, TIME TO CONNECT: 9.54 secs, TIME TO PAIR: 1.94 secs, 
15:44:43, Iteration_20190612_15_43_15,  test_case_complete ### TEST PASSED, <SUCCESS>, TIME TO SCAN: 2.28 secs, TIME TO CONNECT: 8.05 secs, TIME TO PAIR: 3.69 secs, 
15:46:13, Iteration_20190612_15_44_48,  test_case_complete ### TEST PASSED, <SUCCESS>, TIME TO SCAN: 1.29 secs, TIME TO CONNECT: 5.95 secs, TIME TO PAIR: 1.66 secs, 
15:48:16, Iteration_20190612_15_46_18,  test_case_complete ### TEST PASSED, <SUCCESS>, TIME TO SCAN: 19.94 secs, TIME TO CONNECT: 17.34 secs, TIME TO PAIR: 4.46 secs, 
15:50:04, Iteration_20190612_15_48_21,  test_case_complete ### TEST PASSED, <SUCCESS>, TIME TO SCAN: 3.72 secs, TIME TO CONNECT: 15.14 secs, TIME TO PAIR: 8.11 secs, 
15:51:49, Iteration_20190612_15_50_09,  test_case_complete ### TEST PASSED, <SUCCESS>, TIME TO SCAN: 3.63 secs, TIME TO CONNECT: 12.77 secs, TIME TO PAIR: 4.22 secs, 
15:54:18, Iteration_20190612_15_51_53,  test_case_complete ### TEST PASSED, <SUCCESS>, TIME TO SCAN: 0.94 secs, TIME TO CONNECT: 5.5 secs, TIME TO PAIR: 65.39 secs, 
15:56:00, Iteration_20190612_15_54_23,  test_case_complete ### TEST PASSED, <SUCCESS>, TIME TO SCAN: 6.05 secs, TIME TO CONNECT: 8.11 secs, TIME TO PAIR: 7.04 secs, 
15:57:46, Iteration_20190612_15_56_05,  test_case_complete ### TEST PASSED, <SUCCESS>, TIME TO SCAN: 4.11 secs, TIME TO CONNECT: 12.37 secs, TIME TO PAIR: 7.27 secs, 
15:59:23, Iteration_20190612_15_57_51,  test_case_complete ### TEST PASSED, <SUCCESS>, TIME TO SCAN: 0.99 secs, TIME TO CONNECT: 6.21 secs, TIME TO PAIR: 10.93 secs, 
16:02:53, Iteration_20190612_15_59_28,  ### VERIFICATION FAILED :: + click on HP Sprocket Select (01:C2), <FAILURE>, TIME TO SCAN: 5.36 secs, , , 
16:06:28, Iteration_20190612_16_02_59,  ### VERIFICATION FAILED :: + click on HP Sprocket Select (01:C2), <FAILURE>, TIME TO SCAN: 3.84 secs, , , 
16:09:27, Iteration_20190612_16_06_34,  test_case_complete ### TEST PASSED, <SUCCESS>, TIME TO SCAN: 16.14 secs, TIME TO CONNECT: 9.01 secs, TIME TO PAIR: 66.08 secs, 
16:11:02, Iteration_20190612_16_09_31,  test_case_complete ### TEST PASSED, <SUCCESS>, TIME TO SCAN: 2.34 secs, TIME TO CONNECT: 8.89 secs, TIME TO PAIR: 4.21 secs, 
16:12:48, Iteration_20190612_16_11_07,  test_case_complete ### TEST PASSED, <SUCCESS>, TIME TO SCAN: 6.84 secs, TIME TO CONNECT: 13.99 secs, TIME TO PAIR: 1.94 secs, 
16:14:21, Iteration_20190612_16_12_53,  test_case_complete ### TEST PASSED, <SUCCESS>, TIME TO SCAN: 0.96 secs, TIME TO CONNECT: 8.42 secs, TIME TO PAIR: 3.59 secs, 
16:15:53, Iteration_20190612_16_14_26,  test_case_complete ### TEST PASSED, <SUCCESS>, TIME TO SCAN: 0.93 secs, TIME TO CONNECT: 10.2 secs, TIME TO PAIR: 3.6 secs, 
16:17:31, Iteration_20190612_16_15_58,  test_case_complete ### TEST PASSED, <SUCCESS>, TIME TO SCAN: 0.95 secs, TIME TO CONNECT: 9.18 secs, TIME TO PAIR: 3.9 secs, 
16:19:15, Iteration_20190612_16_17_35,  test_case_complete ### TEST PASSED, <SUCCESS>, TIME TO SCAN: 9.69 secs, TIME TO CONNECT: 9.0 secs, TIME TO PAIR: 4.46 secs, 
16:21:07, Iteration_20190612_16_19_19,  test_case_complete ### TEST PASSED, <SUCCESS>, TIME TO SCAN: 10.57 secs, TIME TO CONNECT: 17.63 secs, TIME TO PAIR: 5.35 secs, 
16:22:36, Iteration_20190612_16_21_11,  test_case_complete ### TEST PASSED, <SUCCESS>, TIME TO SCAN: 0.97 secs, TIME TO CONNECT: 6.15 secs, TIME TO PAIR: 3.2 secs, 
16:24:18, Iteration_20190612_16_22_41,  test_case_complete ### TEST PASSED, <SUCCESS>, TIME TO SCAN: 3.04 secs, TIME TO CONNECT: 10.21 secs, TIME TO PAIR: 6.9 secs, 
16:27:00, Iteration_20190612_16_24_22,  test_case_complete ### TEST PASSED, <SUCCESS>, TIME TO SCAN: 7.98 secs, TIME TO CONNECT: 9.3 secs, TIME TO PAIR: 65.4 secs, 
16:28:37, Iteration_20190612_16_27_05,  test_case_complete ### TEST PASSED, <SUCCESS>, TIME TO SCAN: 2.52 secs, TIME TO CONNECT: 9.25 secs, TIME TO PAIR: 4.14 secs, 
16:30:19, Iteration_20190612_16_28_42,  test_case_complete ### TEST PASSED, <SUCCESS>, TIME TO SCAN: 3.56 secs, TIME TO CONNECT: 11.77 secs, TIME TO PAIR: 4.39 secs, 
16:32:05, Iteration_20190612_16_30_24,  test_case_complete ### TEST PASSED, <SUCCESS>, TIME TO SCAN: 2.93 secs, TIME TO CONNECT: 15.62 secs, TIME TO PAIR: 5.45 secs, 
16:33:50, Iteration_20190612_16_32_09,  test_case_complete ### TEST PASSED, <SUCCESS>, TIME TO SCAN: 5.79 secs, TIME TO CONNECT: 13.56 secs, TIME TO PAIR: 5.48 secs, 
16:35:32, Iteration_20190612_16_33_55,  test_case_complete ### TEST PASSED, <SUCCESS>, TIME TO SCAN: 6.32 secs, TIME TO CONNECT: 10.05 secs, TIME TO PAIR: 8.29 secs, 
16:37:18, Iteration_20190612_16_35_37,  test_case_complete ### TEST PASSED, <SUCCESS>, TIME TO SCAN: 7.06 secs, TIME TO CONNECT: 14.67 secs, TIME TO PAIR: 4.26 secs, 
16:39:59, Iteration_20190612_16_37_23,  test_case_complete ### TEST PASSED, <SUCCESS>, TIME TO SCAN: 5.23 secs, TIME TO CONNECT: 12.86 secs, TIME TO PAIR: 65.72 secs, 
16:41:52, Iteration_20190612_16_40_04,  test_case_complete ### TEST PASSED, <SUCCESS>, TIME TO SCAN: 4.08 secs, TIME TO CONNECT: 21.88 secs, TIME TO PAIR: 7.84 secs, 
16:43:39, Iteration_20190612_16_41_57,  test_case_complete ### TEST PASSED, <SUCCESS>, TIME TO SCAN: 6.52 secs, TIME TO CONNECT: 16.8 secs, TIME TO PAIR: 5.37 secs, 
16:45:13, Iteration_20190612_16_43_43,  test_case_complete ### TEST PASSED, <SUCCESS>, TIME TO SCAN: 1.08 secs, TIME TO CONNECT: 9.61 secs, TIME TO PAIR: 4.58 secs, 
16:47:07, Iteration_20190612_16_45_18,  test_case_complete ### TEST PASSED, <SUCCESS>, TIME TO SCAN: 22.68 secs, TIME TO CONNECT: 10.08 secs, TIME TO PAIR: 3.1 secs, 
16:49:04, Iteration_20190612_16_47_12,  test_case_complete ### TEST PASSED, <SUCCESS>, TIME TO SCAN: 19.11 secs, TIME TO CONNECT: 10.74 secs, TIME TO PAIR: 4.01 secs, 
16:50:46, Iteration_20190612_16_49_09,  test_case_complete ### TEST PASSED, <SUCCESS>, TIME TO SCAN: 5.47 secs, TIME TO CONNECT: 13.92 secs, TIME TO PAIR: 1.65 secs, 
16:52:25, Iteration_20190612_16_50_50,  test_case_complete ### TEST PASSED, <SUCCESS>, TIME TO SCAN: 3.1 secs, TIME TO CONNECT: 11.54 secs, TIME TO PAIR: 4.0 secs, 
16:54:09, Iteration_20190612_16_52_30,  test_case_complete ### TEST PASSED, <SUCCESS>, TIME TO SCAN: 5.1 secs, TIME TO CONNECT: 12.76 secs, TIME TO PAIR: 4.07 secs, 
16:55:53, Iteration_20190612_16_54_14,  test_case_complete ### TEST PASSED, <SUCCESS>, TIME TO SCAN: 5.29 secs, TIME TO CONNECT: 12.65 secs, TIME TO PAIR: 6.25 secs, 
16:57:28, Iteration_20190612_16_55_58,  test_case_complete ### TEST PASSED, <SUCCESS>, TIME TO SCAN: 0.99 secs, TIME TO CONNECT: 6.5 secs, TIME TO PAIR: 9.51 secs, 
16:59:11, Iteration_20190612_16_57_33,  test_case_complete ### TEST PASSED, <SUCCESS>, TIME TO SCAN: 3.75 secs, TIME TO CONNECT: 12.88 secs, TIME TO PAIR: 4.1 secs, 
17:00:59, Iteration_20190612_16_59_16,  test_case_complete ### TEST PASSED, <SUCCESS>, TIME TO SCAN: 4.17 secs, TIME TO CONNECT: 14.05 secs, TIME TO PAIR: 7.8 secs, 
17:02:44, Iteration_20190612_17_01_04,  test_case_complete ### TEST PASSED, <SUCCESS>, TIME TO SCAN: 6.64 secs, TIME TO CONNECT: 13.35 secs, TIME TO PAIR: 3.57 secs, 
17:04:28, Iteration_20190612_17_02_49,  test_case_complete ### TEST PASSED, <SUCCESS>, TIME TO SCAN: 9.71 secs, TIME TO CONNECT: 9.39 secs, TIME TO PAIR: 7.3 secs, 
17:06:35, Iteration_20190612_17_04_33,  ### VERIFICATION FAILED :: + find HP Sprocket Select (01:C2) on the page to confirm success, <FAILURE>, TIME TO SCAN: 5.46 secs, TIME TO CONNECT: 10.9 secs, TIME TO PAIR: 1.01 secs, 
17:08:30, Iteration_20190612_17_06_41,  test_case_complete ### TEST PASSED, <SUCCESS>, TIME TO SCAN: 2.23 secs, TIME TO CONNECT: 13.8 secs, TIME TO PAIR: 7.87 secs, 
17:10:04, Iteration_20190612_17_08_36,  test_case_complete ### TEST PASSED, <SUCCESS>, TIME TO SCAN: 1.26 secs, TIME TO CONNECT: 7.81 secs, TIME TO PAIR: 7.51 secs, 
17:11:49, Iteration_20190612_17_10_09,  test_case_complete ### TEST PASSED, <SUCCESS>, TIME TO SCAN: 5.16 secs, TIME TO CONNECT: 12.34 secs, TIME TO PAIR: 5.34 secs, 
17:13:33, Iteration_20190612_17_11_54,  test_case_complete ### TEST PASSED, <SUCCESS>, TIME TO SCAN: 7.81 secs, TIME TO CONNECT: 10.57 secs, TIME TO PAIR: 4.14 secs, 
17:15:21, Iteration_20190612_17_13_38,  test_case_complete ### TEST PASSED, <SUCCESS>, TIME TO SCAN: 6.49 secs, TIME TO CONNECT: 16.64 secs, TIME TO PAIR: 4.54 secs, 
17:17:02, Iteration_20190612_17_15_26,  test_case_complete ### TEST PASSED, <SUCCESS>, TIME TO SCAN: 4.4 secs, TIME TO CONNECT: 13.84 secs, TIME TO PAIR: 3.84 secs, 
17:18:41, Iteration_20190612_17_17_07,  test_case_complete ### TEST PASSED, <SUCCESS>, TIME TO SCAN: 1.08 secs, TIME TO CONNECT: 10.9 secs, TIME TO PAIR: 7.39 secs, 
17:20:27, Iteration_20190612_17_18_46,  test_case_complete ### TEST PASSED, <SUCCESS>, TIME TO SCAN: 5.03 secs, TIME TO CONNECT: 13.8 secs, TIME TO PAIR: 3.83 secs, 
17:21:57, Iteration_20190612_17_20_32,  test_case_complete ### TEST PASSED, <SUCCESS>, TIME TO SCAN: 0.97 secs, TIME TO CONNECT: 6.35 secs, TIME TO PAIR: 4.58 secs, 
17:23:38, Iteration_20190612_17_22_02,  test_case_complete ### TEST PASSED, <SUCCESS>, TIME TO SCAN: 4.43 secs, TIME TO CONNECT: 9.64 secs, TIME TO PAIR: 4.0 secs, 
17:25:22, Iteration_20190612_17_23_43,  test_case_complete ### TEST PASSED, <SUCCESS>, TIME TO SCAN: 10.55 secs, TIME TO CONNECT: 9.94 secs, TIME TO PAIR: 1.82 secs, 
17:26:54, Iteration_20190612_17_25_27,  test_case_complete ### TEST PASSED, <SUCCESS>, TIME TO SCAN: 0.98 secs, TIME TO CONNECT: 9.41 secs, TIME TO PAIR: 1.59 secs, 
17:28:36, Iteration_20190612_17_26_59,  test_case_complete ### TEST PASSED, <SUCCESS>, TIME TO SCAN: 0.98 secs, TIME TO CONNECT: 11.3 secs, TIME TO PAIR: 7.66 secs, 
17:31:16, Iteration_20190612_17_28_41,  test_case_complete ### TEST PASSED, <SUCCESS>, TIME TO SCAN: 3.89 secs, TIME TO CONNECT: 11.89 secs, TIME TO PAIR: 65.99 secs, 
17:32:51, Iteration_20190612_17_31_21,  test_case_complete ### TEST PASSED, <SUCCESS>, TIME TO SCAN: 2.15 secs, TIME TO CONNECT: 8.71 secs, TIME TO PAIR: 6.32 secs, 
17:34:25, Iteration_20190612_17_32_56,  test_case_complete ### TEST PASSED, <SUCCESS>, TIME TO SCAN: 5.28 secs, TIME TO CONNECT: 7.46 secs, TIME TO PAIR: 6.59 secs, 
17:36:56, Iteration_20190612_17_34_30,  test_case_complete ### TEST PASSED, <SUCCESS>, TIME TO SCAN: 4.61 secs, TIME TO CONNECT: 70.35 secs, TIME TO PAIR: 3.59 secs, 
17:38:26, Iteration_20190612_17_37_01,  test_case_complete ### TEST PASSED, <SUCCESS>, TIME TO SCAN: 3.32 secs, TIME TO CONNECT: 8.45 secs, TIME TO PAIR: 1.54 secs, 
17:39:25, Iteration_20190612_17_38_30,  ### VERIFICATION FAILED :: + click on sprocket in side menu, <OTHER ERROR>, , , , 
17:41:06, Iteration_20190612_17_39_31,  test_case_complete ### TEST PASSED, <SUCCESS>, TIME TO SCAN: 0.88 secs, TIME TO CONNECT: 7.6 secs, TIME TO PAIR: 3.81 secs, 
17:42:38, Iteration_20190612_17_41_11,  test_case_complete ### TEST PASSED, <SUCCESS>, TIME TO SCAN: 2.98 secs, TIME TO CONNECT: 6.72 secs, TIME TO PAIR: 3.79 secs, 
17:44:13, Iteration_20190612_17_42_43,  test_case_complete ### TEST PASSED, <SUCCESS>, TIME TO SCAN: 6.8 secs, TIME TO CONNECT: 8.66 secs, TIME TO PAIR: 3.5 secs, 
17:46:46, Iteration_20190612_17_44_18,  test_case_complete ### TEST PASSED, <SUCCESS>, TIME TO SCAN: 3.26 secs, TIME TO CONNECT: 6.06 secs, TIME TO PAIR: 67.53 secs, 
17:48:26, Iteration_20190612_17_46_50,  test_case_complete ### TEST PASSED, <SUCCESS>, TIME TO SCAN: 6.57 secs, TIME TO CONNECT: 10.26 secs, TIME TO PAIR: 4.29 secs, 
17:49:53, Iteration_20190612_17_48_31,  test_case_complete ### TEST PASSED, <SUCCESS>, TIME TO SCAN: 1.13 secs, TIME TO CONNECT: 8.39 secs, TIME TO PAIR: 3.49 secs, 
17:51:35, Iteration_20190612_17_49_58,  test_case_complete ### TEST PASSED, <SUCCESS>, TIME TO SCAN: 5.35 secs, TIME TO CONNECT: 13.4 secs, TIME TO PAIR: 4.25 secs, 
17:53:10, Iteration_20190612_17_51_40,  test_case_complete ### TEST PASSED, <SUCCESS>, TIME TO SCAN: 0.97 secs, TIME TO CONNECT: 10.71 secs, TIME TO PAIR: 3.64 secs, 
17:54:36, Iteration_20190612_17_53_14,  test_case_complete ### TEST PASSED, <SUCCESS>, TIME TO SCAN: 0.96 secs, TIME TO CONNECT: 8.35 secs, TIME TO PAIR: 3.53 secs, 
17:56:18, Iteration_20190612_17_54_41,  test_case_complete ### TEST PASSED, <SUCCESS>, TIME TO SCAN: 0.96 secs, TIME TO CONNECT: 15.8 secs, TIME TO PAIR: 6.89 secs, 
17:57:58, Iteration_20190612_17_56_22,  test_case_complete ### TEST PASSED, <SUCCESS>, TIME TO SCAN: 5.98 secs, TIME TO CONNECT: 13.42 secs, TIME TO PAIR: 4.0 secs, 
17:59:39, Iteration_20190612_17_58_03,  test_case_complete ### TEST PASSED, <SUCCESS>, TIME TO SCAN: 7.52 secs, TIME TO CONNECT: 10.72 secs, TIME TO PAIR: 4.04 secs, 
18:01:16, Iteration_20190612_17_59_44,  test_case_complete ### TEST PASSED, <SUCCESS>, TIME TO SCAN: 7.74 secs, TIME TO CONNECT: 10.57 secs, TIME TO PAIR: 3.44 secs, 
18:02:43, Iteration_20190612_18_01_21,  test_case_complete ### TEST PASSED, <SUCCESS>, TIME TO SCAN: 0.91 secs, TIME TO CONNECT: 8.46 secs, TIME TO PAIR: 1.43 secs, 
18:04:30, Iteration_20190612_18_02_48,  test_case_complete ### TEST PASSED, <SUCCESS>, TIME TO SCAN: 5.11 secs, TIME TO CONNECT: 15.23 secs, TIME TO PAIR: 8.77 secs, 
18:06:11, Iteration_20190612_18_04_35,  test_case_complete ### TEST PASSED, <SUCCESS>, TIME TO SCAN: 5.1 secs, TIME TO CONNECT: 14.25 secs, TIME TO PAIR: 1.41 secs, 
18:07:53, Iteration_20190612_18_06_15,  test_case_complete ### TEST PASSED, <SUCCESS>, TIME TO SCAN: 7.25 secs, TIME TO CONNECT: 15.39 secs, TIME TO PAIR: 3.4 secs, 
18:09:30, Iteration_20190612_18_07_58,  test_case_complete ### TEST PASSED, <SUCCESS>, TIME TO SCAN: 5.43 secs, TIME TO CONNECT: 12.15 secs, TIME TO PAIR: 3.75 secs, 
18:11:04, Iteration_20190612_18_09_35,  test_case_complete ### TEST PASSED, <SUCCESS>, TIME TO SCAN: 0.96 secs, TIME TO CONNECT: 13.9 secs, TIME TO PAIR: 4.0 secs, 
18:12:40, Iteration_20190612_18_11_09,  test_case_complete ### TEST PASSED, <SUCCESS>, TIME TO SCAN: 4.57 secs, TIME TO CONNECT: 6.7 secs, TIME TO PAIR: 7.45 secs, 
18:14:12, Iteration_20190612_18_12_45,  test_case_complete ### TEST PASSED, <SUCCESS>, TIME TO SCAN: 2.84 secs, TIME TO CONNECT: 6.65 secs, TIME TO PAIR: 3.75 secs, 
18:15:41, Iteration_20190612_18_14_17,  test_case_complete ### TEST PASSED, <SUCCESS>, TIME TO SCAN: 3.77 secs, TIME TO CONNECT: 6.38 secs, TIME TO PAIR: 3.66 secs, 
18:17:19, Iteration_20190612_18_15_46,  test_case_complete ### TEST PASSED, <SUCCESS>, TIME TO SCAN: 0.96 secs, TIME TO CONNECT: 11.9 secs, TIME TO PAIR: 4.11 secs, 
18:18:58, Iteration_20190612_18_17_24,  test_case_complete ### TEST PASSED, <SUCCESS>, TIME TO SCAN: 6.13 secs, TIME TO CONNECT: 11.97 secs, TIME TO PAIR: 4.19 secs, 
18:20:31, Iteration_20190612_18_19_03,  test_case_complete ### TEST PASSED, <SUCCESS>, TIME TO SCAN: 3.76 secs, TIME TO CONNECT: 7.8 secs, TIME TO PAIR: 3.49 secs, 
18:22:03, Iteration_20190612_18_20_36,  test_case_complete ### TEST PASSED, <SUCCESS>, TIME TO SCAN: 1.34 secs, TIME TO CONNECT: 9.07 secs, TIME TO PAIR: 3.84 secs, 
18:24:00, Iteration_20190612_18_22_08,  test_case_complete ### TEST PASSED, <SUCCESS>, TIME TO SCAN: 21.33 secs, TIME TO CONNECT: 11.45 secs, TIME TO PAIR: 3.36 secs, 
18:25:33, Iteration_20190612_18_24_05,  test_case_complete ### TEST PASSED, <SUCCESS>, TIME TO SCAN: 3.54 secs, TIME TO CONNECT: 8.7 secs, TIME TO PAIR: 3.77 secs, 
18:28:20, Iteration_20190612_18_25_38,  test_case_complete ### TEST PASSED, <SUCCESS>, TIME TO SCAN: 18.38 secs, TIME TO CONNECT: 6.2 secs, TIME TO PAIR: 69.1 secs, 
18:29:53, Iteration_20190612_18_28_25,  test_case_complete ### TEST PASSED, <SUCCESS>, TIME TO SCAN: 0.95 secs, TIME TO CONNECT: 12.66 secs, TIME TO PAIR: 4.69 secs, 
18:31:24, Iteration_20190612_18_29_58,  test_case_complete ### TEST PASSED, <SUCCESS>, TIME TO SCAN: 0.94 secs, TIME TO CONNECT: 8.34 secs, TIME TO PAIR: 4.27 secs, 
18:32:57, Iteration_20190612_18_31_29,  test_case_complete ### TEST PASSED, <SUCCESS>, TIME TO SCAN: 0.98 secs, TIME TO CONNECT: 14.69 secs, TIME TO PAIR: 3.64 secs, 
18:34:28, Iteration_20190612_18_33_02,  test_case_complete ### TEST PASSED, <SUCCESS>, TIME TO SCAN: 0.92 secs, TIME TO CONNECT: 10.73 secs, TIME TO PAIR: 1.52 secs, 
18:35:53, Iteration_20190612_18_34_34,  test_case_complete ### TEST PASSED, <SUCCESS>, TIME TO SCAN: 0.91 secs, TIME TO CONNECT: 6.16 secs, TIME TO PAIR: 3.33 secs, 
18:37:28, Iteration_20190612_18_35_58,  test_case_complete ### TEST PASSED, <SUCCESS>, TIME TO SCAN: 5.21 secs, TIME TO CONNECT: 9.48 secs, TIME TO PAIR: 7.29 secs, 
18:39:12, Iteration_20190612_18_37_33,  test_case_complete ### TEST PASSED, <SUCCESS>, TIME TO SCAN: 3.92 secs, TIME TO CONNECT: 13.58 secs, TIME TO PAIR: 4.04 secs, 
18:40:41, Iteration_20190612_18_39_17,  test_case_complete ### TEST PASSED, <SUCCESS>, TIME TO SCAN: 3.81 secs, TIME TO CONNECT: 6.75 secs, TIME TO PAIR: 1.47 secs, 
18:42:29, Iteration_20190612_18_40_46,  test_case_complete ### TEST PASSED, <SUCCESS>, TIME TO SCAN: 16.01 secs, TIME TO CONNECT: 7.44 secs, TIME TO PAIR: 7.03 secs, 
18:44:04, Iteration_20190612_18_42_34,  test_case_complete ### TEST PASSED, <SUCCESS>, TIME TO SCAN: 4.39 secs, TIME TO CONNECT: 8.59 secs, TIME TO PAIR: 7.52 secs, 
18:45:36, Iteration_20190612_18_44_09,  test_case_complete ### TEST PASSED, <SUCCESS>, TIME TO SCAN: 3.45 secs, TIME TO CONNECT: 6.94 secs, TIME TO PAIR: 3.68 secs, 
18:47:02, Iteration_20190612_18_45_42,  test_case_complete ### TEST PASSED, <SUCCESS>, TIME TO SCAN: 2.71 secs, TIME TO CONNECT: 5.6 secs, TIME TO PAIR: 3.16 secs, 
18:48:35, Iteration_20190612_18_47_08,  test_case_complete ### TEST PASSED, <SUCCESS>, TIME TO SCAN: 2.19 secs, TIME TO CONNECT: 9.8 secs, TIME TO PAIR: 3.7 secs, 
18:50:19, Iteration_20190612_18_48_40,  test_case_complete ### TEST PASSED, <SUCCESS>, TIME TO SCAN: 0.93 secs, TIME TO CONNECT: 20.75 secs, TIME TO PAIR: 5.91 secs, 
18:51:55, Iteration_20190612_18_50_24,  test_case_complete ### TEST PASSED, <SUCCESS>, TIME TO SCAN: 3.26 secs, TIME TO CONNECT: 7.25 secs, TIME TO PAIR: 7.24 secs, 
18:52:36, Iteration_20190612_18_52_00,  Unpaired, <OTHER ERROR>, , , , 
18:54:14, Iteration_20190612_18_52_43,  test_case_complete ### TEST PASSED, <SUCCESS>, TIME TO SCAN: 1.0 secs, TIME TO CONNECT: 12.58 secs, TIME TO PAIR: 4.25 secs, 
18:54:56, Iteration_20190612_18_54_19,  Unpaired, <OTHER ERROR>, , , , 
18:56:55, Iteration_20190612_18_55_02,  ### VERIFICATION FAILED :: + find HP Sprocket Select (01:C2) on the page to confirm success, <FAILURE>, TIME TO SCAN: 2.62 secs, TIME TO CONNECT: 7.35 secs, TIME TO PAIR: 0.88 secs, 
18:58:40, Iteration_20190612_18_57_01,  test_case_complete ### TEST PASSED, <SUCCESS>, TIME TO SCAN: 0.88 secs, TIME TO CONNECT: 8.26 secs, TIME TO PAIR: 3.95 secs, 
19:01:24, Iteration_20190612_18_58_45,  test_case_complete ### TEST PASSED, <SUCCESS>, TIME TO SCAN: 8.04 secs, TIME TO CONNECT: 10.0 secs, TIME TO PAIR: 69.97 secs, 
19:02:56, Iteration_20190612_19_01_29,  test_case_complete ### TEST PASSED, <SUCCESS>, TIME TO SCAN: 3.31 secs, TIME TO CONNECT: 8.15 secs, TIME TO PAIR: 4.55 secs, 
19:04:33, Iteration_20190612_19_03_01,  test_case_complete ### TEST PASSED, <SUCCESS>, TIME TO SCAN: 5.04 secs, TIME TO CONNECT: 9.91 secs, TIME TO PAIR: 4.23 secs, 
19:07:15, Iteration_20190612_19_04_38,  test_case_complete ### TEST PASSED, <SUCCESS>, TIME TO SCAN: 5.86 secs, TIME TO CONNECT: 75.42 secs, TIME TO PAIR: 3.29 secs, 
19:08:53, Iteration_20190612_19_07_21,  test_case_complete ### TEST PASSED, <SUCCESS>, TIME TO SCAN: 1.05 secs, TIME TO CONNECT: 12.03 secs, TIME TO PAIR: 7.96 secs, 
19:10:32, Iteration_20190612_19_08_58,  test_case_complete ### TEST PASSED, <SUCCESS>, TIME TO SCAN: 3.96 secs, TIME TO CONNECT: 11.94 secs, TIME TO PAIR: 4.29 secs, 
19:12:14, Iteration_20190612_19_10_38,  test_case_complete ### TEST PASSED, <SUCCESS>, TIME TO SCAN: 7.23 secs, TIME TO CONNECT: 10.11 secs, TIME TO PAIR: 4.15 secs, 
19:13:54, Iteration_20190612_19_12_19,  test_case_complete ### TEST PASSED, <SUCCESS>, TIME TO SCAN: 8.2 secs, TIME TO CONNECT: 12.67 secs, TIME TO PAIR: 4.06 secs, 
19:15:26, Iteration_20190612_19_14_00,  test_case_complete ### TEST PASSED, <SUCCESS>, TIME TO SCAN: 0.99 secs, TIME TO CONNECT: 11.65 secs, TIME TO PAIR: 3.6 secs, 
19:17:02, Iteration_20190612_19_15_32,  test_case_complete ### TEST PASSED, <SUCCESS>, TIME TO SCAN: 0.94 secs, TIME TO CONNECT: 15.75 secs, TIME TO PAIR: 3.71 secs, 
19:18:35, Iteration_20190612_19_17_07,  test_case_complete ### TEST PASSED, <SUCCESS>, TIME TO SCAN: 0.93 secs, TIME TO CONNECT: 10.6 secs, TIME TO PAIR: 6.84 secs, 
19:20:05, Iteration_20190612_19_18_41,  test_case_complete ### TEST PASSED, <SUCCESS>, TIME TO SCAN: 0.96 secs, TIME TO CONNECT: 9.91 secs, TIME TO PAIR: 2.34 secs, 
19:22:35, Iteration_20190612_19_20_11,  test_case_complete ### TEST PASSED, <SUCCESS>, TIME TO SCAN: 0.97 secs, TIME TO CONNECT: 5.41 secs, TIME TO PAIR: 67.53 secs, 
19:24:10, Iteration_20190612_19_22_41,  test_case_complete ### TEST PASSED, <SUCCESS>, TIME TO SCAN: 1.54 secs, TIME TO CONNECT: 9.17 secs, TIME TO PAIR: 5.03 secs, 
19:25:49, Iteration_20190612_19_24_15,  test_case_complete ### TEST PASSED, <SUCCESS>, TIME TO SCAN: 0.9 secs, TIME TO CONNECT: 15.24 secs, TIME TO PAIR: 5.06 secs, 
19:27:30, Iteration_20190612_19_25_55,  test_case_complete ### TEST PASSED, <SUCCESS>, TIME TO SCAN: 3.84 secs, TIME TO CONNECT: 12.95 secs, TIME TO PAIR: 6.69 secs, 
19:28:58, Iteration_20190612_19_27_35,  test_case_complete ### TEST PASSED, <SUCCESS>, TIME TO SCAN: 3.45 secs, TIME TO CONNECT: 5.89 secs, TIME TO PAIR: 3.42 secs, 
19:30:47, Iteration_20190612_19_29_03,  test_case_complete ### TEST PASSED, <SUCCESS>, TIME TO SCAN: 16.41 secs, TIME TO CONNECT: 11.25 secs, TIME TO PAIR: 3.99 secs, 
19:32:19, Iteration_20190612_19_30_53,  test_case_complete ### TEST PASSED, <SUCCESS>, TIME TO SCAN: 0.98 secs, TIME TO CONNECT: 10.95 secs, TIME TO PAIR: 1.64 secs, 
19:33:59, Iteration_20190612_19_32_25,  test_case_complete ### TEST PASSED, <SUCCESS>, TIME TO SCAN: 3.16 secs, TIME TO CONNECT: 15.0 secs, TIME TO PAIR: 6.29 secs, 
19:35:27, Iteration_20190612_19_34_04,  test_case_complete ### TEST PASSED, <SUCCESS>, TIME TO SCAN: 0.9 secs, TIME TO CONNECT: 7.65 secs, TIME TO PAIR: 1.58 secs, 
19:37:06, Iteration_20190612_19_35_33,  test_case_complete ### TEST PASSED, <SUCCESS>, TIME TO SCAN: 4.88 secs, TIME TO CONNECT: 14.16 secs, TIME TO PAIR: 1.51 secs, 
19:38:46, Iteration_20190612_19_37_11,  test_case_complete ### TEST PASSED, <SUCCESS>, TIME TO SCAN: 5.28 secs, TIME TO CONNECT: 11.28 secs, TIME TO PAIR: 6.97 secs, 
19:41:27, Iteration_20190612_19_38_52,  test_case_complete ### TEST PASSED, <SUCCESS>, TIME TO SCAN: 5.92 secs, TIME TO CONNECT: 10.92 secs, TIME TO PAIR: 66.7 secs, 
19:42:57, Iteration_20190612_19_41_32,  test_case_complete ### TEST PASSED, <SUCCESS>, TIME TO SCAN: 1.56 secs, TIME TO CONNECT: 8.15 secs, TIME TO PAIR: 4.3 secs, 
19:44:28, Iteration_20190612_19_43_03,  test_case_complete ### TEST PASSED, <SUCCESS>, TIME TO SCAN: 0.94 secs, TIME TO CONNECT: 10.48 secs, TIME TO PAIR: 1.63 secs, 
19:46:11, Iteration_20190612_19_44_34,  test_case_complete ### TEST PASSED, <SUCCESS>, TIME TO SCAN: 3.08 secs, TIME TO CONNECT: 10.19 secs, TIME TO PAIR: 9.9 secs, 
19:47:44, Iteration_20190612_19_46_16,  test_case_complete ### TEST PASSED, <SUCCESS>, TIME TO SCAN: 1.02 secs, TIME TO CONNECT: 11.84 secs, TIME TO PAIR: 4.06 secs, 
19:49:15, Iteration_20190612_19_47_49,  test_case_complete ### TEST PASSED, <SUCCESS>, TIME TO SCAN: 0.96 secs, TIME TO CONNECT: 11.05 secs, TIME TO PAIR: 4.21 secs, 
19:50:53, Iteration_20190612_19_49_21,  test_case_complete ### TEST PASSED, <SUCCESS>, TIME TO SCAN: 3.81 secs, TIME TO CONNECT: 10.32 secs, TIME TO PAIR: 5.17 secs, 
19:52:22, Iteration_20190612_19_50_58,  test_case_complete ### TEST PASSED, <SUCCESS>, TIME TO SCAN: 1.97 secs, TIME TO CONNECT: 7.31 secs, TIME TO PAIR: 4.28 secs, 
19:54:03, Iteration_20190612_19_52_27,  test_case_complete ### TEST PASSED, <SUCCESS>, TIME TO SCAN: 0.95 secs, TIME TO CONNECT: 9.0 secs, TIME TO PAIR: 8.09 secs, 
19:55:51, Iteration_20190612_19_54_08,  test_case_complete ### TEST PASSED, <SUCCESS>, TIME TO SCAN: 5.54 secs, TIME TO CONNECT: 15.53 secs, TIME TO PAIR: 7.77 secs, 
19:57:26, Iteration_20190612_19_55_57,  test_case_complete ### TEST PASSED, <SUCCESS>, TIME TO SCAN: 3.87 secs, TIME TO CONNECT: 12.11 secs, TIME TO PAIR: 0.88 secs, 
19:58:57, Iteration_20190612_19_57_32,  test_case_complete ### TEST PASSED, <SUCCESS>, TIME TO SCAN: 0.99 secs, TIME TO CONNECT: 9.12 secs, TIME TO PAIR: 4.84 secs, 
20:00:31, Iteration_20190612_19_59_02,  test_case_complete ### TEST PASSED, <SUCCESS>, TIME TO SCAN: 3.46 secs, TIME TO CONNECT: 11.37 secs, TIME TO PAIR: 3.53 secs, 
20:02:01, Iteration_20190612_20_00_36,  test_case_complete ### TEST PASSED, <SUCCESS>, TIME TO SCAN: 1.18 secs, TIME TO CONNECT: 9.74 secs, TIME TO PAIR: 4.28 secs, 
20:03:36, Iteration_20190612_20_02_07,  test_case_complete ### TEST PASSED, <SUCCESS>, TIME TO SCAN: 4.75 secs, TIME TO CONNECT: 9.55 secs, TIME TO PAIR: 4.49 secs, 
20:05:12, Iteration_20190612_20_03_42,  test_case_complete ### TEST PASSED, <SUCCESS>, TIME TO SCAN: 0.94 secs, TIME TO CONNECT: 10.96 secs, TIME TO PAIR: 0.83 secs, 
20:06:52, Iteration_20190612_20_05_18,  test_case_complete ### TEST PASSED, <SUCCESS>, TIME TO SCAN: 3.7 secs, TIME TO CONNECT: 12.01 secs, TIME TO PAIR: 8.62 secs, 
20:08:24, Iteration_20190612_20_06_58,  test_case_complete ### TEST PASSED, <SUCCESS>, TIME TO SCAN: 0.99 secs, TIME TO CONNECT: 9.92 secs, TIME TO PAIR: 4.51 secs, 
20:09:53, Iteration_20190612_20_08_29,  test_case_complete ### TEST PASSED, <SUCCESS>, TIME TO SCAN: 1.87 secs, TIME TO CONNECT: 8.04 secs, TIME TO PAIR: 1.76 secs, 
20:11:20, Iteration_20190612_20_09_58,  test_case_complete ### TEST PASSED, <SUCCESS>, TIME TO SCAN: 1.08 secs, TIME TO CONNECT: 8.0 secs, TIME TO PAIR: 4.35 secs, 
20:12:54, Iteration_20190612_20_11_25,  test_case_complete ### TEST PASSED, <SUCCESS>, TIME TO SCAN: 0.94 secs, TIME TO CONNECT: 10.92 secs, TIME TO PAIR: 4.58 secs, 
20:14:28, Iteration_20190612_20_13_00,  test_case_complete ### TEST PASSED, <SUCCESS>, TIME TO SCAN: 0.95 secs, TIME TO CONNECT: 14.88 secs, TIME TO PAIR: 4.02 secs, 
20:16:07, Iteration_20190612_20_14_34,  test_case_complete ### TEST PASSED, <SUCCESS>, TIME TO SCAN: 0.94 secs, TIME TO CONNECT: 17.82 secs, TIME TO PAIR: 1.72 secs, 
20:17:42, Iteration_20190612_20_16_12,  test_case_complete ### TEST PASSED, <SUCCESS>, TIME TO SCAN: 3.77 secs, TIME TO CONNECT: 6.37 secs, TIME TO PAIR: 3.67 secs, 
20:19:29, Iteration_20190612_20_17_47,  test_case_complete ### TEST PASSED, <SUCCESS>, TIME TO SCAN: 8.29 secs, TIME TO CONNECT: 14.14 secs, TIME TO PAIR: 7.05 secs, 
20:21:11, Iteration_20190612_20_19_35,  test_case_complete ### TEST PASSED, <SUCCESS>, TIME TO SCAN: 3.71 secs, TIME TO CONNECT: 14.86 secs, TIME TO PAIR: 4.26 secs, 
20:24:32, Iteration_20190612_20_21_17,  ### VERIFICATION FAILED :: + click on HP Sprocket Select (01:C2), <FAILURE>, TIME TO SCAN: 1.31 secs, , , 
20:26:25, Iteration_20190612_20_24_39,  test_case_complete ### TEST PASSED, <SUCCESS>, TIME TO SCAN: 3.5 secs, TIME TO CONNECT: 14.85 secs, TIME TO PAIR: 7.72 secs, 
20:28:09, Iteration_20190612_20_26_31,  test_case_complete ### TEST PASSED, <SUCCESS>, TIME TO SCAN: 5.08 secs, TIME TO CONNECT: 17.52 secs, TIME TO PAIR: 3.32 secs, 
20:29:40, Iteration_20190612_20_28_15,  test_case_complete ### TEST PASSED, <SUCCESS>, TIME TO SCAN: 0.99 secs, TIME TO CONNECT: 10.29 secs, TIME TO PAIR: 3.83 secs, 
20:31:35, Iteration_20190612_20_29_46,  test_case_complete ### TEST PASSED, <SUCCESS>, TIME TO SCAN: 16.24 secs, TIME TO CONNECT: 18.16 secs, TIME TO PAIR: 3.72 secs, 
20:33:16, Iteration_20190612_20_31_41,  test_case_complete ### TEST PASSED, <SUCCESS>, TIME TO SCAN: 3.9 secs, TIME TO CONNECT: 11.32 secs, TIME TO PAIR: 4.03 secs, 
20:34:59, Iteration_20190612_20_33_21,  test_case_complete ### TEST PASSED, <SUCCESS>, TIME TO SCAN: 7.33 secs, TIME TO CONNECT: 10.18 secs, TIME TO PAIR: 5.21 secs, 
20:36:01, Iteration_20190612_20_35_05,  ### VERIFICATION FAILED :: + click on sprocket in side menu, <OTHER ERROR>, , , , 
20:37:43, Iteration_20190612_20_36_07,  test_case_complete ### TEST PASSED, <SUCCESS>, TIME TO SCAN: 0.97 secs, TIME TO CONNECT: 7.26 secs, TIME TO PAIR: 4.31 secs, 
20:41:03, Iteration_20190612_20_37_49,  ### VERIFICATION FAILED :: + click on HP Sprocket Select (01:C2), <FAILURE>, TIME TO SCAN: 0.96 secs, , , 
20:42:51, Iteration_20190612_20_41_10,  test_case_complete ### TEST PASSED, <SUCCESS>, TIME TO SCAN: 3.62 secs, TIME TO CONNECT: 10.37 secs, TIME TO PAIR: 4.55 secs, 
20:44:20, Iteration_20190612_20_42_57,  test_case_complete ### TEST PASSED, <SUCCESS>, TIME TO SCAN: 0.97 secs, TIME TO CONNECT: 7.11 secs, TIME TO PAIR: 1.56 secs, 
20:46:03, Iteration_20190612_20_44_26,  test_case_complete ### TEST PASSED, <SUCCESS>, TIME TO SCAN: 16.11 secs, TIME TO CONNECT: 7.89 secs, TIME TO PAIR: 3.95 secs, 
20:47:37, Iteration_20190612_20_46_09,  test_case_complete ### TEST PASSED, <SUCCESS>, TIME TO SCAN: 2.37 secs, TIME TO CONNECT: 10.06 secs, TIME TO PAIR: 4.45 secs, 
20:49:33, Iteration_20190612_20_47_43,  test_case_complete ### TEST PASSED, <SUCCESS>, TIME TO SCAN: 16.17 secs, TIME TO CONNECT: 14.01 secs, TIME TO PAIR: 4.7 secs, 
20:51:12, Iteration_20190612_20_49_39,  test_case_complete ### TEST PASSED, <SUCCESS>, TIME TO SCAN: 3.75 secs, TIME TO CONNECT: 11.58 secs, TIME TO PAIR: 5.34 secs, 
20:54:33, Iteration_20190612_20_51_18,  ### VERIFICATION FAILED :: + click on HP Sprocket Select (01:C2), <FAILURE>, TIME TO SCAN: 3.08 secs, , , 
20:56:18, Iteration_20190612_20_54_40,  test_case_complete ### TEST PASSED, <SUCCESS>, TIME TO SCAN: 5.11 secs, TIME TO CONNECT: 8.16 secs, TIME TO PAIR: 6.39 secs, 
20:58:03, Iteration_20190612_20_56_25,  test_case_complete ### TEST PASSED, <SUCCESS>, TIME TO SCAN: 16.21 secs, TIME TO CONNECT: 9.07 secs, TIME TO PAIR: 4.89 secs, 
21:01:27, Iteration_20190612_20_58_09,  ### VERIFICATION FAILED :: + click on HP Sprocket Select (01:C2), <FAILURE>, TIME TO SCAN: 5.47 secs, , , 
21:03:19, Iteration_20190612_21_01_34,  test_case_complete ### TEST PASSED, <SUCCESS>, TIME TO SCAN: 6.32 secs, TIME TO CONNECT: 16.93 secs, TIME TO PAIR: 3.7 secs, 
21:04:52, Iteration_20190612_21_03_25,  test_case_complete ### TEST PASSED, <SUCCESS>, TIME TO SCAN: 2.2 secs, TIME TO CONNECT: 8.17 secs, TIME TO PAIR: 3.87 secs, 
21:06:28, Iteration_20190612_21_04_58,  test_case_complete ### TEST PASSED, <SUCCESS>, TIME TO SCAN: 2.86 secs, TIME TO CONNECT: 8.9 secs, TIME TO PAIR: 3.9 secs, 
21:07:57, Iteration_20190612_21_06_34,  test_case_complete ### TEST PASSED, <SUCCESS>, TIME TO SCAN: 3.68 secs, TIME TO CONNECT: 6.72 secs, TIME TO PAIR: 3.48 secs, 
21:09:26, Iteration_20190612_21_08_03,  test_case_complete ### TEST PASSED, <SUCCESS>, TIME TO SCAN: 0.92 secs, TIME TO CONNECT: 8.62 secs, TIME TO PAIR: 1.49 secs, 
21:11:12, Iteration_20190612_21_09_32,  test_case_complete ### TEST PASSED, <SUCCESS>, TIME TO SCAN: 6.39 secs, TIME TO CONNECT: 14.13 secs, TIME TO PAIR: 6.82 secs, 
21:12:52, Iteration_20190612_21_11_17,  test_case_complete ### TEST PASSED, <SUCCESS>, TIME TO SCAN: 3.97 secs, TIME TO CONNECT: 12.75 secs, TIME TO PAIR: 4.01 secs, 
21:14:40, Iteration_20190612_21_12_59,  test_case_complete ### TEST PASSED, <SUCCESS>, TIME TO SCAN: 2.82 secs, TIME TO CONNECT: 18.52 secs, TIME TO PAIR: 5.4 secs, 
21:16:25, Iteration_20190612_21_14_46,  test_case_complete ### TEST PASSED, <SUCCESS>, TIME TO SCAN: 7.85 secs, TIME TO CONNECT: 13.43 secs, TIME TO PAIR: 3.5 secs, 
21:18:01, Iteration_20190612_21_16_31,  test_case_complete ### TEST PASSED, <SUCCESS>, TIME TO SCAN: 1.42 secs, TIME TO CONNECT: 10.7 secs, TIME TO PAIR: 7.11 secs, 
21:19:36, Iteration_20190612_21_18_07,  test_case_complete ### TEST PASSED, <SUCCESS>, TIME TO SCAN: 3.32 secs, TIME TO CONNECT: 7.39 secs, TIME TO PAIR: 6.43 secs, 
21:21:18, Iteration_20190612_21_19_42,  test_case_complete ### TEST PASSED, <SUCCESS>, TIME TO SCAN: 7.31 secs, TIME TO CONNECT: 10.73 secs, TIME TO PAIR: 5.48 secs, 
21:23:03, Iteration_20190612_21_21_24,  test_case_complete ### TEST PASSED, <SUCCESS>, TIME TO SCAN: 10.81 secs, TIME TO CONNECT: 9.71 secs, TIME TO PAIR: 3.93 secs, 
21:24:45, Iteration_20190612_21_23_09,  test_case_complete ### TEST PASSED, <SUCCESS>, TIME TO SCAN: 6.66 secs, TIME TO CONNECT: 11.86 secs, TIME TO PAIR: 7.14 secs, 
21:26:24, Iteration_20190612_21_24_52,  test_case_complete ### TEST PASSED, <SUCCESS>, TIME TO SCAN: 7.66 secs, TIME TO CONNECT: 12.13 secs, TIME TO PAIR: 1.39 secs, 
21:28:04, Iteration_20190612_21_26_31,  test_case_complete ### TEST PASSED, <SUCCESS>, TIME TO SCAN: 4.54 secs, TIME TO CONNECT: 12.09 secs, TIME TO PAIR: 3.99 secs, 
21:29:38, Iteration_20190612_21_28_10,  test_case_complete ### TEST PASSED, <SUCCESS>, TIME TO SCAN: 1.99 secs, TIME TO CONNECT: 8.51 secs, TIME TO PAIR: 4.2 secs, 
21:31:09, Iteration_20190612_21_29_44,  test_case_complete ### TEST PASSED, <SUCCESS>, TIME TO SCAN: 0.93 secs, TIME TO CONNECT: 8.45 secs, TIME TO PAIR: 4.07 secs, 
21:32:46, Iteration_20190612_21_31_15,  test_case_complete ### TEST PASSED, <SUCCESS>, TIME TO SCAN: 4.44 secs, TIME TO CONNECT: 8.89 secs, TIME TO PAIR: 3.58 secs, 
21:35:18, Iteration_20190612_21_32_52,  test_case_complete ### TEST PASSED, <SUCCESS>, TIME TO SCAN: 0.94 secs, TIME TO CONNECT: 7.12 secs, TIME TO PAIR: 66.66 secs, 
21:36:56, Iteration_20190612_21_35_24,  test_case_complete ### TEST PASSED, <SUCCESS>, TIME TO SCAN: 3.99 secs, TIME TO CONNECT: 11.81 secs, TIME TO PAIR: 4.16 secs, 
21:38:40, Iteration_20190612_21_37_02,  test_case_complete ### TEST PASSED, <SUCCESS>, TIME TO SCAN: 9.02 secs, TIME TO CONNECT: 11.53 secs, TIME TO PAIR: 5.38 secs, 
21:40:19, Iteration_20190612_21_38_47,  test_case_complete ### TEST PASSED, <SUCCESS>, TIME TO SCAN: 10.69 secs, TIME TO CONNECT: 9.33 secs, TIME TO PAIR: 1.52 secs, 
21:41:51, Iteration_20190612_21_40_25,  test_case_complete ### TEST PASSED, <SUCCESS>, TIME TO SCAN: 0.98 secs, TIME TO CONNECT: 10.7 secs, TIME TO PAIR: 4.29 secs, 
21:43:25, Iteration_20190612_21_41_58,  test_case_complete ### TEST PASSED, <SUCCESS>, TIME TO SCAN: 1.12 secs, TIME TO CONNECT: 12.7 secs, TIME TO PAIR: 4.25 secs, 
21:45:09, Iteration_20190612_21_43_32,  test_case_complete ### TEST PASSED, <SUCCESS>, TIME TO SCAN: 4.78 secs, TIME TO CONNECT: 19.0 secs, TIME TO PAIR: 4.23 secs, 
21:46:45, Iteration_20190612_21_45_15,  test_case_complete ### TEST PASSED, <SUCCESS>, TIME TO SCAN: 3.78 secs, TIME TO CONNECT: 12.93 secs, TIME TO PAIR: 3.29 secs, 
21:48:17, Iteration_20190612_21_46_51,  test_case_complete ### TEST PASSED, <SUCCESS>, TIME TO SCAN: 1.03 secs, TIME TO CONNECT: 6.4 secs, TIME TO PAIR: 5.51 secs, 
21:49:51, Iteration_20190612_21_48_23,  test_case_complete ### TEST PASSED, <SUCCESS>, TIME TO SCAN: 2.42 secs, TIME TO CONNECT: 6.9 secs, TIME TO PAIR: 7.69 secs, 
21:51:39, Iteration_20190612_21_49_58,  test_case_complete ### TEST PASSED, <SUCCESS>, TIME TO SCAN: 6.92 secs, TIME TO CONNECT: 17.25 secs, TIME TO PAIR: 3.8 secs, 
21:53:09, Iteration_20190612_21_51_46,  test_case_complete ### TEST PASSED, <SUCCESS>, TIME TO SCAN: 2.72 secs, TIME TO CONNECT: 6.5 secs, TIME TO PAIR: 1.51 secs, 
21:54:49, Iteration_20190612_21_53_15,  test_case_complete ### TEST PASSED, <SUCCESS>, TIME TO SCAN: 4.93 secs, TIME TO CONNECT: 10.24 secs, TIME TO PAIR: 7.65 secs, 
21:56:32, Iteration_20190612_21_54_55,  test_case_complete ### TEST PASSED, <SUCCESS>, TIME TO SCAN: 6.57 secs, TIME TO CONNECT: 10.82 secs, TIME TO PAIR: 3.96 secs, 
21:58:05, Iteration_20190612_21_56_38,  test_case_complete ### TEST PASSED, <SUCCESS>, TIME TO SCAN: 2.51 secs, TIME TO CONNECT: 6.6 secs, TIME TO PAIR: 4.04 secs, 
21:59:44, Iteration_20190612_21_58_11,  test_case_complete ### TEST PASSED, <SUCCESS>, TIME TO SCAN: 8.15 secs, TIME TO CONNECT: 11.27 secs, TIME TO PAIR: 3.11 secs, 
22:01:18, Iteration_20190612_21_59_51,  test_case_complete ### TEST PASSED, <SUCCESS>, TIME TO SCAN: 5.04 secs, TIME TO CONNECT: 6.96 secs, TIME TO PAIR: 6.33 secs, 
22:03:52, Iteration_20190612_22_01_25,  test_case_complete ### TEST PASSED, <SUCCESS>, TIME TO SCAN: 2.59 secs, TIME TO CONNECT: 9.89 secs, TIME TO PAIR: 65.77 secs, 
22:05:32, Iteration_20190612_22_03_58,  test_case_complete ### TEST PASSED, <SUCCESS>, TIME TO SCAN: 5.62 secs, TIME TO CONNECT: 6.49 secs, TIME TO PAIR: 7.35 secs, 
22:07:02, Iteration_20190612_22_05_38,  test_case_complete ### TEST PASSED, <SUCCESS>, TIME TO SCAN: 0.96 secs, TIME TO CONNECT: 7.35 secs, TIME TO PAIR: 3.66 secs, 
22:08:56, Iteration_20190612_22_07_08,  test_case_complete ### TEST PASSED, <SUCCESS>, TIME TO SCAN: 18.48 secs, TIME TO CONNECT: 11.68 secs, TIME TO PAIR: 6.7 secs, 
22:10:41, Iteration_20190612_22_09_02,  test_case_complete ### TEST PASSED, <SUCCESS>, TIME TO SCAN: 2.81 secs, TIME TO CONNECT: 14.8 secs, TIME TO PAIR: 7.76 secs, 
22:12:27, Iteration_20190612_22_10_47,  test_case_complete ### TEST PASSED, <SUCCESS>, TIME TO SCAN: 7.78 secs, TIME TO CONNECT: 17.88 secs, TIME TO PAIR: 3.43 secs, 
22:14:25, Iteration_20190612_22_12_34,  test_case_complete ### TEST PASSED, <SUCCESS>, TIME TO SCAN: 17.46 secs, TIME TO CONNECT: 13.43 secs, TIME TO PAIR: 4.13 secs, 
22:16:09, Iteration_20190612_22_14_31,  test_case_complete ### TEST PASSED, <SUCCESS>, TIME TO SCAN: 7.11 secs, TIME TO CONNECT: 16.24 secs, TIME TO PAIR: 3.48 secs, 
22:17:39, Iteration_20190612_22_16_15,  test_case_complete ### TEST PASSED, <SUCCESS>, TIME TO SCAN: 3.09 secs, TIME TO CONNECT: 6.14 secs, TIME TO PAIR: 4.65 secs, 
22:19:16, Iteration_20190612_22_17_46,  test_case_complete ### TEST PASSED, <SUCCESS>, TIME TO SCAN: 0.92 secs, TIME TO CONNECT: 11.16 secs, TIME TO PAIR: 6.34 secs, 
22:20:55, Iteration_20190612_22_19_23,  test_case_complete ### TEST PASSED, <SUCCESS>, TIME TO SCAN: 4.29 secs, TIME TO CONNECT: 9.1 secs, TIME TO PAIR: 4.26 secs, 
22:22:24, Iteration_20190612_22_21_01,  test_case_complete ### TEST PASSED, <SUCCESS>, TIME TO SCAN: 2.36 secs, TIME TO CONNECT: 7.68 secs, TIME TO PAIR: 1.64 secs, 
22:24:04, Iteration_20190612_22_22_31,  test_case_complete ### TEST PASSED, <SUCCESS>, TIME TO SCAN: 1.1 secs, TIME TO CONNECT: 14.67 secs, TIME TO PAIR: 3.62 secs, 
22:25:50, Iteration_20190612_22_24_11,  test_case_complete ### TEST PASSED, <SUCCESS>, TIME TO SCAN: 7.82 secs, TIME TO CONNECT: 13.63 secs, TIME TO PAIR: 4.1 secs, 
22:27:32, Iteration_20190612_22_25_57,  test_case_complete ### TEST PASSED, <SUCCESS>, TIME TO SCAN: 10.85 secs, TIME TO CONNECT: 10.0 secs, TIME TO PAIR: 1.64 secs, 
22:29:05, Iteration_20190612_22_27_38,  test_case_complete ### TEST PASSED, <SUCCESS>, TIME TO SCAN: 2.57 secs, TIME TO CONNECT: 6.73 secs, TIME TO PAIR: 5.05 secs, 
22:30:39, Iteration_20190612_22_29_12,  test_case_complete ### TEST PASSED, <SUCCESS>, TIME TO SCAN: 0.92 secs, TIME TO CONNECT: 10.6 secs, TIME TO PAIR: 1.6 secs, 
22:32:10, Iteration_20190612_22_30_45,  test_case_complete ### TEST PASSED, <SUCCESS>, TIME TO SCAN: 3.88 secs, TIME TO CONNECT: 7.45 secs, TIME TO PAIR: 1.53 secs, 
22:33:41, Iteration_20190612_22_32_17,  test_case_complete ### TEST PASSED, <SUCCESS>, TIME TO SCAN: 1.22 secs, TIME TO CONNECT: 7.65 secs, TIME TO PAIR: 4.64 secs, 
22:35:16, Iteration_20190612_22_33_47,  test_case_complete ### TEST PASSED, <SUCCESS>, TIME TO SCAN: 5.3 secs, TIME TO CONNECT: 8.55 secs, TIME TO PAIR: 1.38 secs, 
22:36:53, Iteration_20190612_22_35_22,  test_case_complete ### TEST PASSED, <SUCCESS>, TIME TO SCAN: 4.86 secs, TIME TO CONNECT: 6.83 secs, TIME TO PAIR: 5.15 secs, 
22:38:44, Iteration_20190612_22_37_00,  test_case_complete ### TEST PASSED, <SUCCESS>, TIME TO SCAN: 5.75 secs, TIME TO CONNECT: 23.36 secs, TIME TO PAIR: 4.21 secs, 
22:40:28, Iteration_20190612_22_38_51,  test_case_complete ### TEST PASSED, <SUCCESS>, TIME TO SCAN: 5.4 secs, TIME TO CONNECT: 12.82 secs, TIME TO PAIR: 4.14 secs, 
22:42:05, Iteration_20190612_22_40_35,  test_case_complete ### TEST PASSED, <SUCCESS>, TIME TO SCAN: 1.12 secs, TIME TO CONNECT: 13.5 secs, TIME TO PAIR: 4.45 secs, 
22:43:36, Iteration_20190612_22_42_11,  test_case_complete ### TEST PASSED, <SUCCESS>, TIME TO SCAN: 2.95 secs, TIME TO CONNECT: 7.86 secs, TIME TO PAIR: 3.93 secs, 
22:45:18, Iteration_20190612_22_43_43,  test_case_complete ### TEST PASSED, <SUCCESS>, TIME TO SCAN: 6.89 secs, TIME TO CONNECT: 8.72 secs, TIME TO PAIR: 8.52 secs, 
22:47:03, Iteration_20190612_22_45_25,  test_case_complete ### TEST PASSED, <SUCCESS>, TIME TO SCAN: 0.97 secs, TIME TO CONNECT: 16.14 secs, TIME TO PAIR: 7.16 secs, 
22:48:41, Iteration_20190612_22_47_09,  test_case_complete ### TEST PASSED, <SUCCESS>, TIME TO SCAN: 3.64 secs, TIME TO CONNECT: 13.95 secs, TIME TO PAIR: 4.14 secs, 
22:50:16, Iteration_20190612_22_48_48,  test_case_complete ### TEST PASSED, <SUCCESS>, TIME TO SCAN: 0.96 secs, TIME TO CONNECT: 12.3 secs, TIME TO PAIR: 4.31 secs, 
22:51:45, Iteration_20190612_22_50_22,  test_case_complete ### TEST PASSED, <SUCCESS>, TIME TO SCAN: 0.94 secs, TIME TO CONNECT: 7.51 secs, TIME TO PAIR: 1.48 secs, 
22:53:19, Iteration_20190612_22_51_51,  test_case_complete ### TEST PASSED, <SUCCESS>, TIME TO SCAN: 3.59 secs, TIME TO CONNECT: 8.29 secs, TIME TO PAIR: 3.66 secs, 
22:54:54, Iteration_20190612_22_53_26,  test_case_complete ### TEST PASSED, <SUCCESS>, TIME TO SCAN: 0.96 secs, TIME TO CONNECT: 9.8 secs, TIME TO PAIR: 3.96 secs, 
22:56:33, Iteration_20190612_22_55_01,  test_case_complete ### TEST PASSED, <SUCCESS>, TIME TO SCAN: 1.15 secs, TIME TO CONNECT: 12.73 secs, TIME TO PAIR: 6.82 secs, 
22:58:04, Iteration_20190612_22_56_40,  test_case_complete ### TEST PASSED, <SUCCESS>, TIME TO SCAN: 0.94 secs, TIME TO CONNECT: 10.03 secs, TIME TO PAIR: 3.56 secs, 
22:59:46, Iteration_20190612_22_58_11,  test_case_complete ### TEST PASSED, <SUCCESS>, TIME TO SCAN: 4.01 secs, TIME TO CONNECT: 13.32 secs, TIME TO PAIR: 7.06 secs, 
23:00:29, Iteration_20190612_22_59_53,  Unpaired, <OTHER ERROR>, , , , 
23:02:11, Iteration_20190612_23_00_37,  test_case_complete ### TEST PASSED, <SUCCESS>, TIME TO SCAN: 3.31 secs, TIME TO CONNECT: 8.09 secs, TIME TO PAIR: 6.75 secs, 
23:03:37, Iteration_20190612_23_02_17,  test_case_complete ### TEST PASSED, <SUCCESS>, TIME TO SCAN: 0.97 secs, TIME TO CONNECT: 6.66 secs, TIME TO PAIR: 3.25 secs, 
23:05:16, Iteration_20190612_23_03_44,  test_case_complete ### TEST PASSED, <SUCCESS>, TIME TO SCAN: 5.32 secs, TIME TO CONNECT: 8.8 secs, TIME TO PAIR: 3.66 secs, 
23:07:00, Iteration_20190612_23_05_22,  test_case_complete ### TEST PASSED, <SUCCESS>, TIME TO SCAN: 7.63 secs, TIME TO CONNECT: 12.0 secs, TIME TO PAIR: 7.07 secs, 
23:08:42, Iteration_20190612_23_07_07,  test_case_complete ### TEST PASSED, <SUCCESS>, TIME TO SCAN: 3.97 secs, TIME TO CONNECT: 12.51 secs, TIME TO PAIR: 5.13 secs, 
23:10:21, Iteration_20190612_23_08_49,  test_case_complete ### TEST PASSED, <SUCCESS>, TIME TO SCAN: 9.99 secs, TIME TO CONNECT: 8.64 secs, TIME TO PAIR: 1.69 secs, 
23:11:54, Iteration_20190612_23_10_28,  test_case_complete ### TEST PASSED, <SUCCESS>, TIME TO SCAN: 1.23 secs, TIME TO CONNECT: 8.65 secs, TIME TO PAIR: 4.07 secs, 
23:13:41, Iteration_20190612_23_12_01,  test_case_complete ### TEST PASSED, <SUCCESS>, TIME TO SCAN: 5.38 secs, TIME TO CONNECT: 17.54 secs, TIME TO PAIR: 7.13 secs, 
23:15:26, Iteration_20190612_23_13_48,  test_case_complete ### TEST PASSED, <SUCCESS>, TIME TO SCAN: 7.14 secs, TIME TO CONNECT: 13.19 secs, TIME TO PAIR: 1.77 secs, 
23:17:07, Iteration_20190612_23_15_33,  test_case_complete ### TEST PASSED, <SUCCESS>, TIME TO SCAN: 6.92 secs, TIME TO CONNECT: 14.57 secs, TIME TO PAIR: 3.52 secs, 
23:18:35, Iteration_20190612_23_17_14,  test_case_complete ### TEST PASSED, <SUCCESS>, TIME TO SCAN: 0.97 secs, TIME TO CONNECT: 6.46 secs, TIME TO PAIR: 1.54 secs, 
23:20:08, Iteration_20190612_23_18_42,  test_case_complete ### TEST PASSED, <SUCCESS>, TIME TO SCAN: 5.17 secs, TIME TO CONNECT: 7.6 secs, TIME TO PAIR: 1.46 secs, 
23:21:48, Iteration_20190612_23_20_15,  test_case_complete ### TEST PASSED, <SUCCESS>, TIME TO SCAN: 4.68 secs, TIME TO CONNECT: 11.91 secs, TIME TO PAIR: 3.54 secs, 
23:23:19, Iteration_20190612_23_21_55,  test_case_complete ### TEST PASSED, <SUCCESS>, TIME TO SCAN: 0.96 secs, TIME TO CONNECT: 6.35 secs, TIME TO PAIR: 5.1 secs, 
23:24:59, Iteration_20190612_23_23_26,  test_case_complete ### TEST PASSED, <SUCCESS>, TIME TO SCAN: 3.91 secs, TIME TO CONNECT: 8.18 secs, TIME TO PAIR: 3.62 secs, 
23:27:55, Iteration_20190612_23_25_06,  test_case_complete ### TEST PASSED, <SUCCESS>, TIME TO SCAN: 24.31 secs, TIME TO CONNECT: 7.7 secs, TIME TO PAIR: 67.97 secs, 
23:29:36, Iteration_20190612_23_28_02,  test_case_complete ### TEST PASSED, <SUCCESS>, TIME TO SCAN: 5.69 secs, TIME TO CONNECT: 10.67 secs, TIME TO PAIR: 5.41 secs, 
23:31:24, Iteration_20190612_23_29_43,  test_case_complete ### TEST PASSED, <SUCCESS>, TIME TO SCAN: 7.68 secs, TIME TO CONNECT: 13.42 secs, TIME TO PAIR: 4.26 secs, 
23:33:12, Iteration_20190612_23_31_31,  test_case_complete ### TEST PASSED, <SUCCESS>, TIME TO SCAN: 5.6 secs, TIME TO CONNECT: 13.76 secs, TIME TO PAIR: 7.46 secs, 
23:34:54, Iteration_20190612_23_33_19,  test_case_complete ### TEST PASSED, <SUCCESS>, TIME TO SCAN: 5.68 secs, TIME TO CONNECT: 11.48 secs, TIME TO PAIR: 8.17 secs, 
23:36:35, Iteration_20190612_23_35_01,  test_case_complete ### TEST PASSED, <SUCCESS>, TIME TO SCAN: 7.62 secs, TIME TO CONNECT: 10.27 secs, TIME TO PAIR: 5.17 secs, 
23:38:16, Iteration_20190612_23_36_42,  test_case_complete ### TEST PASSED, <SUCCESS>, TIME TO SCAN: 11.77 secs, TIME TO CONNECT: 8.65 secs, TIME TO PAIR: 3.38 secs, 
23:39:56, Iteration_20190612_23_38_23,  test_case_complete ### TEST PASSED, <SUCCESS>, TIME TO SCAN: 1.92 secs, TIME TO CONNECT: 9.89 secs, TIME TO PAIR: 7.86 secs, 
23:41:30, Iteration_20190612_23_40_03,  test_case_complete ### TEST PASSED, <SUCCESS>, TIME TO SCAN: 0.97 secs, TIME TO CONNECT: 11.24 secs, TIME TO PAIR: 4.41 secs, 
23:43:05, Iteration_20190612_23_41_37,  test_case_complete ### TEST PASSED, <SUCCESS>, TIME TO SCAN: 1.13 secs, TIME TO CONNECT: 7.39 secs, TIME TO PAIR: 8.11 secs, 
23:44:44, Iteration_20190612_23_43_12,  test_case_complete ### TEST PASSED, <SUCCESS>, TIME TO SCAN: 5.48 secs, TIME TO CONNECT: 11.65 secs, TIME TO PAIR: 2.11 secs, 
23:46:18, Iteration_20190612_23_44_51,  test_case_complete ### TEST PASSED, <SUCCESS>, TIME TO SCAN: 1.14 secs, TIME TO CONNECT: 11.09 secs, TIME TO PAIR: 4.72 secs, 
23:48:01, Iteration_20190612_23_46_25,  test_case_complete ### TEST PASSED, <SUCCESS>, TIME TO SCAN: 3.86 secs, TIME TO CONNECT: 13.3 secs, TIME TO PAIR: 4.74 secs, 
23:49:43, Iteration_20190612_23_48_08,  test_case_complete ### TEST PASSED, <SUCCESS>, TIME TO SCAN: 5.03 secs, TIME TO CONNECT: 15.85 secs, TIME TO PAIR: 0.82 secs, 
23:51:17, Iteration_20190612_23_49_50,  test_case_complete ### TEST PASSED, <SUCCESS>, TIME TO SCAN: 0.96 secs, TIME TO CONNECT: 11.82 secs, TIME TO PAIR: 4.62 secs, 
23:52:56, Iteration_20190612_23_51_24,  test_case_complete ### TEST PASSED, <SUCCESS>, TIME TO SCAN: 4.4 secs, TIME TO CONNECT: 11.68 secs, TIME TO PAIR: 3.71 secs, 
23:54:42, Iteration_20190612_23_53_03,  test_case_complete ### TEST PASSED, <SUCCESS>, TIME TO SCAN: 5.59 secs, TIME TO CONNECT: 10.98 secs, TIME TO PAIR: 6.68 secs, 
23:56:23, Iteration_20190612_23_54_49,  test_case_complete ### TEST PASSED, <SUCCESS>, TIME TO SCAN: 2.67 secs, TIME TO CONNECT: 13.86 secs, TIME TO PAIR: 3.79 secs, 
23:58:03, Iteration_20190612_23_56_30,  test_case_complete ### TEST PASSED, <SUCCESS>, TIME TO SCAN: 3.78 secs, TIME TO CONNECT: 14.42 secs, TIME TO PAIR: 1.64 secs, 
23:59:35, Iteration_20190612_23_58_10,  test_case_complete ### TEST PASSED, <SUCCESS>, TIME TO SCAN: 1.08 secs, TIME TO CONNECT: 10.84 secs, TIME TO PAIR: 1.44 secs, 
00:02:55, Iteration_20190612_23_59_43,  ### VERIFICATION FAILED :: + click on HP Sprocket Select (01:C2), <FAILURE>, TIME TO SCAN: 0.94 secs, , , 
00:04:46, Iteration_20190613_00_03_03,  test_case_complete ### TEST PASSED, <SUCCESS>, TIME TO SCAN: 2.33 secs, TIME TO CONNECT: 13.99 secs, TIME TO PAIR: 3.6 secs, 
00:07:19, Iteration_20190613_00_04_54,  test_case_complete ### TEST PASSED, <SUCCESS>, TIME TO SCAN: 0.94 secs, TIME TO CONNECT: 7.02 secs, TIME TO PAIR: 68.89 secs, 
00:10:44, Iteration_20190613_00_07_27,  ### VERIFICATION FAILED :: + click on HP Sprocket Select (01:C2), <FAILURE>, TIME TO SCAN: 5.1 secs, , , 
00:12:37, Iteration_20190613_00_10_53,  test_case_complete ### TEST PASSED, <SUCCESS>, TIME TO SCAN: 4.01 secs, TIME TO CONNECT: 14.13 secs, TIME TO PAIR: 5.54 secs, 
00:14:07, Iteration_20190613_00_12_44,  test_case_complete ### TEST PASSED, <SUCCESS>, TIME TO SCAN: 0.97 secs, TIME TO CONNECT: 6.6 secs, TIME TO PAIR: 4.65 secs, 
00:16:41, Iteration_20190613_00_14_15,  test_case_complete ### TEST PASSED, <SUCCESS>, TIME TO SCAN: 0.96 secs, TIME TO CONNECT: 6.12 secs, TIME TO PAIR: 66.18 secs, 
00:17:44, Iteration_20190613_00_16_48,  ### VERIFICATION FAILED :: + click on sprocket in side menu, <OTHER ERROR>, , , , 
00:19:35, Iteration_20190613_00_17_53,  test_case_complete ### TEST PASSED, <SUCCESS>, TIME TO SCAN: 5.1 secs, TIME TO CONNECT: 11.07 secs, TIME TO PAIR: 1.25 secs, 
00:21:11, Iteration_20190613_00_19_42,  test_case_complete ### TEST PASSED, <SUCCESS>, TIME TO SCAN: 1.12 secs, TIME TO CONNECT: 12.31 secs, TIME TO PAIR: 3.49 secs, 
00:22:48, Iteration_20190613_00_21_18,  test_case_complete ### TEST PASSED, <SUCCESS>, TIME TO SCAN: 1.59 secs, TIME TO CONNECT: 7.32 secs, TIME TO PAIR: 7.28 secs, 
00:24:32, Iteration_20190613_00_22_55,  test_case_complete ### TEST PASSED, <SUCCESS>, TIME TO SCAN: 6.49 secs, TIME TO CONNECT: 11.34 secs, TIME TO PAIR: 4.17 secs, 
00:27:13, Iteration_20190613_00_24_40,  test_case_complete ### TEST PASSED, <SUCCESS>, TIME TO SCAN: 10.43 secs, TIME TO CONNECT: 8.75 secs, TIME TO PAIR: 65.31 secs, 
00:29:00, Iteration_20190613_00_27_21,  test_case_complete ### TEST PASSED, <SUCCESS>, TIME TO SCAN: 15.99 secs, TIME TO CONNECT: 8.45 secs, TIME TO PAIR: 1.76 secs, 
00:30:34, Iteration_20190613_00_29_08,  test_case_complete ### TEST PASSED, <SUCCESS>, TIME TO SCAN: 0.97 secs, TIME TO CONNECT: 11.65 secs, TIME TO PAIR: 3.59 secs, 
00:32:14, Iteration_20190613_00_30_42,  test_case_complete ### TEST PASSED, <SUCCESS>, TIME TO SCAN: 0.98 secs, TIME TO CONNECT: 14.18 secs, TIME TO PAIR: 7.9 secs, 
00:34:00, Iteration_20190613_00_32_21,  test_case_complete ### TEST PASSED, <SUCCESS>, TIME TO SCAN: 2.56 secs, TIME TO CONNECT: 17.08 secs, TIME TO PAIR: 3.96 secs, 
00:36:29, Iteration_20190613_00_34_07,  test_case_complete ### TEST PASSED, <SUCCESS>, TIME TO SCAN: 0.97 secs, TIME TO CONNECT: 4.95 secs, TIME TO PAIR: 65.7 secs, 
00:38:02, Iteration_20190613_00_36_37,  test_case_complete ### TEST PASSED, <SUCCESS>, TIME TO SCAN: 0.96 secs, TIME TO CONNECT: 10.66 secs, TIME TO PAIR: 3.3 secs, 
00:39:49, Iteration_20190613_00_38_09,  test_case_complete ### TEST PASSED, <SUCCESS>, TIME TO SCAN: 2.8 secs, TIME TO CONNECT: 19.56 secs, TIME TO PAIR: 4.19 secs, 
00:41:39, Iteration_20190613_00_39_57,  test_case_complete ### TEST PASSED, <SUCCESS>, TIME TO SCAN: 5.25 secs, TIME TO CONNECT: 19.58 secs, TIME TO PAIR: 5.71 secs, 
00:45:09, Iteration_20190613_00_41_46,  ### VERIFICATION FAILED :: + click on HP Sprocket Select (01:C2), <FAILURE>, TIME TO SCAN: 4.07 secs, , , 
00:47:02, Iteration_20190613_00_45_17,  test_case_complete ### TEST PASSED, <SUCCESS>, TIME TO SCAN: 3.61 secs, TIME TO CONNECT: 12.83 secs, TIME TO PAIR: 4.92 secs, 
00:48:44, Iteration_20190613_00_47_09,  test_case_complete ### TEST PASSED, <SUCCESS>, TIME TO SCAN: 2.73 secs, TIME TO CONNECT: 11.36 secs, TIME TO PAIR: 7.6 secs, 
00:50:29, Iteration_20190613_00_48_51,  test_case_complete ### TEST PASSED, <SUCCESS>, TIME TO SCAN: 3.77 secs, TIME TO CONNECT: 18.4 secs, TIME TO PAIR: 4.34 secs, 
00:51:59, Iteration_20190613_00_50_37,  test_case_complete ### TEST PASSED, <SUCCESS>, TIME TO SCAN: 2.46 secs, TIME TO CONNECT: 6.65 secs, TIME TO PAIR: 3.89 secs, 
00:53:39, Iteration_20190613_00_52_07,  test_case_complete ### TEST PASSED, <SUCCESS>, TIME TO SCAN: 2.17 secs, TIME TO CONNECT: 11.22 secs, TIME TO PAIR: 9.16 secs, 
00:55:25, Iteration_20190613_00_53_47,  test_case_complete ### TEST PASSED, <SUCCESS>, TIME TO SCAN: 3.5 secs, TIME TO CONNECT: 15.04 secs, TIME TO PAIR: 4.85 secs, 
00:57:20, Iteration_20190613_00_55_32,  test_case_complete ### TEST PASSED, <SUCCESS>, TIME TO SCAN: 6.58 secs, TIME TO CONNECT: 21.12 secs, TIME TO PAIR: 5.03 secs, 
00:58:59, Iteration_20190613_00_57_28,  test_case_complete ### TEST PASSED, <SUCCESS>, TIME TO SCAN: 5.39 secs, TIME TO CONNECT: 8.09 secs, TIME TO PAIR: 4.1 secs, 
01:02:30, Iteration_20190613_00_59_07,  ### VERIFICATION FAILED :: + click on HP Sprocket Select (01:C2), <FAILURE>, TIME TO SCAN: 5.76 secs, , , 
01:05:12, Iteration_20190613_01_02_38,  test_case_complete ### TEST PASSED, <SUCCESS>, TIME TO SCAN: 2.72 secs, TIME TO CONNECT: 69.31 secs, TIME TO PAIR: 3.83 secs, 
01:06:51, Iteration_20190613_01_05_19,  test_case_complete ### TEST PASSED, <SUCCESS>, TIME TO SCAN: 5.99 secs, TIME TO CONNECT: 10.41 secs, TIME TO PAIR: 3.49 secs, 
01:08:18, Iteration_20190613_01_06_58,  test_case_complete ### TEST PASSED, <SUCCESS>, TIME TO SCAN: 0.95 secs, TIME TO CONNECT: 6.06 secs, TIME TO PAIR: 3.28 secs, 
01:10:09, Iteration_20190613_01_08_26,  test_case_complete ### TEST PASSED, <SUCCESS>, TIME TO SCAN: 16.56 secs, TIME TO CONNECT: 11.1 secs, TIME TO PAIR: 3.89 secs, 
01:11:53, Iteration_20190613_01_10_16,  test_case_complete ### TEST PASSED, <SUCCESS>, TIME TO SCAN: 2.48 secs, TIME TO CONNECT: 15.68 secs, TIME TO PAIR: 6.87 secs, 
01:13:37, Iteration_20190613_01_12_01,  test_case_complete ### TEST PASSED, <SUCCESS>, TIME TO SCAN: 3.77 secs, TIME TO CONNECT: 14.51 secs, TIME TO PAIR: 6.65 secs, 
01:15:26, Iteration_20190613_01_13_45,  test_case_complete ### TEST PASSED, <SUCCESS>, TIME TO SCAN: 5.28 secs, TIME TO CONNECT: 16.84 secs, TIME TO PAIR: 6.34 secs, 
01:17:10, Iteration_20190613_01_15_34,  test_case_complete ### TEST PASSED, <SUCCESS>, TIME TO SCAN: 2.31 secs, TIME TO CONNECT: 12.91 secs, TIME TO PAIR: 4.11 secs, 
01:18:43, Iteration_20190613_01_17_17,  test_case_complete ### TEST PASSED, <SUCCESS>, TIME TO SCAN: 0.91 secs, TIME TO CONNECT: 8.01 secs, TIME TO PAIR: 3.88 secs, 
01:20:49, Iteration_20190613_01_18_51,  test_case_complete ### TEST PASSED, <SUCCESS>, TIME TO SCAN: 7.35 secs, TIME TO CONNECT: 33.95 secs, TIME TO PAIR: 4.09 secs, 
01:22:37, Iteration_20190613_01_20_56,  test_case_complete ### TEST PASSED, <SUCCESS>, TIME TO SCAN: 3.55 secs, TIME TO CONNECT: 18.21 secs, TIME TO PAIR: 6.53 secs, 
01:25:22, Iteration_20190613_01_22_45,  test_case_complete ### TEST PASSED, <SUCCESS>, TIME TO SCAN: 6.41 secs, TIME TO CONNECT: 72.91 secs, TIME TO PAIR: 5.04 secs, 
01:26:55, Iteration_20190613_01_25_29,  test_case_complete ### TEST PASSED, <SUCCESS>, TIME TO SCAN: 2.33 secs, TIME TO CONNECT: 8.85 secs, TIME TO PAIR: 1.54 secs, 
01:28:32, Iteration_20190613_01_27_03,  test_case_complete ### TEST PASSED, <SUCCESS>, TIME TO SCAN: 4.51 secs, TIME TO CONNECT: 7.95 secs, TIME TO PAIR: 3.15 secs, 
01:30:19, Iteration_20190613_01_28_39,  test_case_complete ### TEST PASSED, <SUCCESS>, TIME TO SCAN: 15.99 secs, TIME TO CONNECT: 10.19 secs, TIME TO PAIR: 3.25 secs, 
01:31:59, Iteration_20190613_01_30_27,  test_case_complete ### TEST PASSED, <SUCCESS>, TIME TO SCAN: 5.29 secs, TIME TO CONNECT: 8.77 secs, TIME TO PAIR: 3.7 secs, 
01:33:44, Iteration_20190613_01_32_07,  test_case_complete ### TEST PASSED, <SUCCESS>, TIME TO SCAN: 5.61 secs, TIME TO CONNECT: 11.01 secs, TIME TO PAIR: 5.22 secs, 
01:35:29, Iteration_20190613_01_33_51,  test_case_complete ### TEST PASSED, <SUCCESS>, TIME TO SCAN: 5.14 secs, TIME TO CONNECT: 12.96 secs, TIME TO PAIR: 3.98 secs, 
01:37:13, Iteration_20190613_01_35_37,  test_case_complete ### TEST PASSED, <SUCCESS>, TIME TO SCAN: 6.14 secs, TIME TO CONNECT: 10.11 secs, TIME TO PAIR: 5.3 secs, 
01:38:55, Iteration_20190613_01_37_21,  test_case_complete ### TEST PASSED, <SUCCESS>, TIME TO SCAN: 2.46 secs, TIME TO CONNECT: 13.1 secs, TIME TO PAIR: 1.6 secs, 
01:40:37, Iteration_20190613_01_39_03,  test_case_complete ### TEST PASSED, <SUCCESS>, TIME TO SCAN: 2.32 secs, TIME TO CONNECT: 13.11 secs, TIME TO PAIR: 8.1 secs, 
01:42:18, Iteration_20190613_01_40_45,  test_case_complete ### TEST PASSED, <SUCCESS>, TIME TO SCAN: 8.82 secs, TIME TO CONNECT: 10.75 secs, TIME TO PAIR: 3.98 secs, 
01:43:53, Iteration_20190613_01_42_25,  test_case_complete ### TEST PASSED, <SUCCESS>, TIME TO SCAN: 0.91 secs, TIME TO CONNECT: 15.1 secs, TIME TO PAIR: 3.65 secs, 
01:45:23, Iteration_20190613_01_44_01,  test_case_complete ### TEST PASSED, <SUCCESS>, TIME TO SCAN: 0.92 secs, TIME TO CONNECT: 5.95 secs, TIME TO PAIR: 3.2 secs, 
01:46:55, Iteration_20190613_01_45_30,  test_case_complete ### TEST PASSED, <SUCCESS>, TIME TO SCAN: 0.96 secs, TIME TO CONNECT: 10.52 secs, TIME TO PAIR: 3.74 secs, 
01:48:33, Iteration_20190613_01_47_03,  test_case_complete ### TEST PASSED, <SUCCESS>, TIME TO SCAN: 2.54 secs, TIME TO CONNECT: 11.83 secs, TIME TO PAIR: 3.44 secs, 
01:50:14, Iteration_20190613_01_48_41,  test_case_complete ### TEST PASSED, <SUCCESS>, TIME TO SCAN: 4.9 secs, TIME TO CONNECT: 11.06 secs, TIME TO PAIR: 5.12 secs, 
01:51:54, Iteration_20190613_01_50_21,  test_case_complete ### TEST PASSED, <SUCCESS>, TIME TO SCAN: 8.32 secs, TIME TO CONNECT: 10.48 secs, TIME TO PAIR: 3.58 secs, 
01:53:26, Iteration_20190613_01_52_02,  test_case_complete ### TEST PASSED, <SUCCESS>, TIME TO SCAN: 5.35 secs, TIME TO CONNECT: 6.99 secs, TIME TO PAIR: 1.58 secs, 
01:55:05, Iteration_20190613_01_53_34,  test_case_complete ### TEST PASSED, <SUCCESS>, TIME TO SCAN: 0.99 secs, TIME TO CONNECT: 11.42 secs, TIME TO PAIR: 6.59 secs, 
01:56:37, Iteration_20190613_01_55_13,  test_case_complete ### TEST PASSED, <SUCCESS>, TIME TO SCAN: 1.88 secs, TIME TO CONNECT: 5.78 secs, TIME TO PAIR: 3.96 secs, 
01:58:15, Iteration_20190613_01_56_45,  test_case_complete ### TEST PASSED, <SUCCESS>, TIME TO SCAN: 0.97 secs, TIME TO CONNECT: 11.91 secs, TIME TO PAIR: 6.56 secs, 
02:00:05, Iteration_20190613_01_58_23,  test_case_complete ### TEST PASSED, <SUCCESS>, TIME TO SCAN: 7.88 secs, TIME TO CONNECT: 15.38 secs, TIME TO PAIR: 7.9 secs, 
02:01:39, Iteration_20190613_02_00_13,  test_case_complete ### TEST PASSED, <SUCCESS>, TIME TO SCAN: 1.09 secs, TIME TO CONNECT: 10.82 secs, TIME TO PAIR: 1.54 secs, 
02:04:20, Iteration_20190613_02_01_47,  test_case_complete ### TEST PASSED, <SUCCESS>, TIME TO SCAN: 4.65 secs, TIME TO CONNECT: 8.22 secs, TIME TO PAIR: 68.16 secs, 
02:05:53, Iteration_20190613_02_04_28,  test_case_complete ### TEST PASSED, <SUCCESS>, TIME TO SCAN: 0.96 secs, TIME TO CONNECT: 8.99 secs, TIME TO PAIR: 3.56 secs, 
02:07:31, Iteration_20190613_02_06_01,  test_case_complete ### TEST PASSED, <SUCCESS>, TIME TO SCAN: 3.03 secs, TIME TO CONNECT: 6.14 secs, TIME TO PAIR: 7.17 secs, 
02:09:24, Iteration_20190613_02_07_38,  test_case_complete ### TEST PASSED, <SUCCESS>, TIME TO SCAN: 8.93 secs, TIME TO CONNECT: 19.69 secs, TIME TO PAIR: 4.29 secs, 
02:11:10, Iteration_20190613_02_09_32,  test_case_complete ### TEST PASSED, <SUCCESS>, TIME TO SCAN: 3.76 secs, TIME TO CONNECT: 13.49 secs, TIME TO PAIR: 6.98 secs, 
02:12:51, Iteration_20190613_02_11_18,  test_case_complete ### TEST PASSED, <SUCCESS>, TIME TO SCAN: 3.74 secs, TIME TO CONNECT: 11.51 secs, TIME TO PAIR: 4.03 secs, 
02:15:32, Iteration_20190613_02_12_59,  test_case_complete ### TEST PASSED, <SUCCESS>, TIME TO SCAN: 5.64 secs, TIME TO CONNECT: 10.21 secs, TIME TO PAIR: 66.9 secs, 
02:17:10, Iteration_20190613_02_15_40,  test_case_complete ### TEST PASSED, <SUCCESS>, TIME TO SCAN: 5.73 secs, TIME TO CONNECT: 8.67 secs, TIME TO PAIR: 4.02 secs, 
02:17:55, Iteration_20190613_02_17_18,  Unpaired, <OTHER ERROR>, , , , 
02:19:38, Iteration_20190613_02_18_04,  test_case_complete ### TEST PASSED, <SUCCESS>, TIME TO SCAN: 4.61 secs, TIME TO CONNECT: 9.73 secs, TIME TO PAIR: 4.22 secs, 
02:21:18, Iteration_20190613_02_19_45,  test_case_complete ### TEST PASSED, <SUCCESS>, TIME TO SCAN: 10.33 secs, TIME TO CONNECT: 8.05 secs, TIME TO PAIR: 3.74 secs, 
02:22:58, Iteration_20190613_02_21_26,  test_case_complete ### TEST PASSED, <SUCCESS>, TIME TO SCAN: 3.01 secs, TIME TO CONNECT: 10.04 secs, TIME TO PAIR: 5.86 secs, 
02:24:32, Iteration_20190613_02_23_06,  test_case_complete ### TEST PASSED, <SUCCESS>, TIME TO SCAN: 0.92 secs, TIME TO CONNECT: 6.34 secs, TIME TO PAIR: 3.51 secs, 
02:25:36, Iteration_20190613_02_24_40,  ### VERIFICATION FAILED :: + click on sprocket in side menu, <OTHER ERROR>, , , , 
02:27:30, Iteration_20190613_02_25_45,  test_case_complete ### TEST PASSED, <SUCCESS>, TIME TO SCAN: 3.76 secs, TIME TO CONNECT: 10.15 secs, TIME TO PAIR: 6.79 secs, 
02:29:12, Iteration_20190613_02_27_38,  test_case_complete ### TEST PASSED, <SUCCESS>, TIME TO SCAN: 10.72 secs, TIME TO CONNECT: 9.95 secs, TIME TO PAIR: 3.35 secs, 
02:30:44, Iteration_20190613_02_29_20,  test_case_complete ### TEST PASSED, <SUCCESS>, TIME TO SCAN: 1.34 secs, TIME TO CONNECT: 6.01 secs, TIME TO PAIR: 3.95 secs, 
02:32:21, Iteration_20190613_02_30_52,  test_case_complete ### TEST PASSED, <SUCCESS>, TIME TO SCAN: 0.91 secs, TIME TO CONNECT: 8.5 secs, TIME TO PAIR: 3.8 secs, 
02:34:01, Iteration_20190613_02_32_29,  test_case_complete ### TEST PASSED, <SUCCESS>, TIME TO SCAN: 11.3 secs, TIME TO CONNECT: 8.09 secs, TIME TO PAIR: 3.55 secs, 
02:35:39, Iteration_20190613_02_34_09,  test_case_complete ### TEST PASSED, <SUCCESS>, TIME TO SCAN: 1.01 secs, TIME TO CONNECT: 10.95 secs, TIME TO PAIR: 3.49 secs, 
02:37:19, Iteration_20190613_02_35_47,  test_case_complete ### TEST PASSED, <SUCCESS>, TIME TO SCAN: 7.89 secs, TIME TO CONNECT: 10.62 secs, TIME TO PAIR: 3.56 secs, 
02:38:57, Iteration_20190613_02_37_27,  test_case_complete ### TEST PASSED, <SUCCESS>, TIME TO SCAN: 1.4 secs, TIME TO CONNECT: 13.77 secs, TIME TO PAIR: 3.74 secs, 
02:41:43, Iteration_20190613_02_39_05,  test_case_complete ### TEST PASSED, <SUCCESS>, TIME TO SCAN: 4.72 secs, TIME TO CONNECT: 16.3 secs, TIME TO PAIR: 69.21 secs, 
02:43:22, Iteration_20190613_02_41_51,  test_case_complete ### TEST PASSED, <SUCCESS>, TIME TO SCAN: 1.94 secs, TIME TO CONNECT: 8.54 secs, TIME TO PAIR: 6.56 secs, 
02:45:03, Iteration_20190613_02_43_30,  test_case_complete ### TEST PASSED, <SUCCESS>, TIME TO SCAN: 2.46 secs, TIME TO CONNECT: 13.15 secs, TIME TO PAIR: 1.61 secs, 
02:46:37, Iteration_20190613_02_45_11,  test_case_complete ### TEST PASSED, <SUCCESS>, TIME TO SCAN: 2.28 secs, TIME TO CONNECT: 7.25 secs, TIME TO PAIR: 3.78 secs, 
02:48:14, Iteration_20190613_02_46_46,  test_case_complete ### TEST PASSED, <SUCCESS>, TIME TO SCAN: 1.22 secs, TIME TO CONNECT: 9.09 secs, TIME TO PAIR: 6.82 secs, 
02:49:49, Iteration_20190613_02_48_22,  test_case_complete ### TEST PASSED, <SUCCESS>, TIME TO SCAN: 0.96 secs, TIME TO CONNECT: 10.67 secs, TIME TO PAIR: 1.57 secs, 
02:51:35, Iteration_20190613_02_49_57,  test_case_complete ### TEST PASSED, <SUCCESS>, TIME TO SCAN: 2.59 secs, TIME TO CONNECT: 15.09 secs, TIME TO PAIR: 7.42 secs, 
02:53:18, Iteration_20190613_02_51_43,  test_case_complete ### TEST PASSED, <SUCCESS>, TIME TO SCAN: 5.34 secs, TIME TO CONNECT: 11.33 secs, TIME TO PAIR: 6.9 secs, 
02:54:50, Iteration_20190613_02_53_26,  test_case_complete ### TEST PASSED, <SUCCESS>, TIME TO SCAN: 1.0 secs, TIME TO CONNECT: 5.8 secs, TIME TO PAIR: 6.75 secs, 
02:56:17, Iteration_20190613_02_54_58,  test_case_complete ### TEST PASSED, <SUCCESS>, TIME TO SCAN: 0.95 secs, TIME TO CONNECT: 6.88 secs, TIME TO PAIR: 1.62 secs, 
02:57:51, Iteration_20190613_02_56_25,  test_case_complete ### TEST PASSED, <SUCCESS>, TIME TO SCAN: 0.95 secs, TIME TO CONNECT: 12.33 secs, TIME TO PAIR: 3.65 secs, 
02:59:21, Iteration_20190613_02_57_59,  test_case_complete ### TEST PASSED, <SUCCESS>, TIME TO SCAN: 0.96 secs, TIME TO CONNECT: 7.47 secs, TIME TO PAIR: 1.38 secs, 
03:02:02, Iteration_20190613_02_59_29,  test_case_complete ### TEST PASSED, <SUCCESS>, TIME TO SCAN: 4.81 secs, TIME TO CONNECT: 8.35 secs, TIME TO PAIR: 67.59 secs, 
03:03:41, Iteration_20190613_03_02_10,  test_case_complete ### TEST PASSED, <SUCCESS>, TIME TO SCAN: 0.9 secs, TIME TO CONNECT: 11.41 secs, TIME TO PAIR: 3.69 secs, 
03:05:14, Iteration_20190613_03_03_49,  test_case_complete ### TEST PASSED, <SUCCESS>, TIME TO SCAN: 0.96 secs, TIME TO CONNECT: 10.35 secs, TIME TO PAIR: 1.6 secs, 
03:06:59, Iteration_20190613_03_05_22,  test_case_complete ### TEST PASSED, <SUCCESS>, TIME TO SCAN: 4.99 secs, TIME TO CONNECT: 9.2 secs, TIME TO PAIR: 7.83 secs, 
03:08:50, Iteration_20190613_03_07_07,  test_case_complete ### TEST PASSED, <SUCCESS>, TIME TO SCAN: 5.38 secs, TIME TO CONNECT: 20.08 secs, TIME TO PAIR: 4.09 secs, 
03:10:42, Iteration_20190613_03_08_58,  test_case_complete ### TEST PASSED, <SUCCESS>, TIME TO SCAN: 9.85 secs, TIME TO CONNECT: 13.86 secs, TIME TO PAIR: 3.7 secs, 
03:12:26, Iteration_20190613_03_10_50,  test_case_complete ### TEST PASSED, <SUCCESS>, TIME TO SCAN: 7.89 secs, TIME TO CONNECT: 9.19 secs, TIME TO PAIR: 6.47 secs, 
03:14:01, Iteration_20190613_03_12_34,  test_case_complete ### TEST PASSED, <SUCCESS>, TIME TO SCAN: 0.99 secs, TIME TO CONNECT: 7.24 secs, TIME TO PAIR: 3.65 secs, 
03:15:35, Iteration_20190613_03_14_09,  test_case_complete ### TEST PASSED, <SUCCESS>, TIME TO SCAN: 1.76 secs, TIME TO CONNECT: 7.22 secs, TIME TO PAIR: 4.89 secs, 
03:17:06, Iteration_20190613_03_15_43,  test_case_complete ### TEST PASSED, <SUCCESS>, TIME TO SCAN: 0.99 secs, TIME TO CONNECT: 6.51 secs, TIME TO PAIR: 3.78 secs, 
03:18:46, Iteration_20190613_03_17_14,  test_case_complete ### TEST PASSED, <SUCCESS>, TIME TO SCAN: 4.59 secs, TIME TO CONNECT: 7.8 secs, TIME TO PAIR: 5.39 secs, 
03:20:26, Iteration_20190613_03_18_55,  test_case_complete ### TEST PASSED, <SUCCESS>, TIME TO SCAN: 5.16 secs, TIME TO CONNECT: 12.08 secs, TIME TO PAIR: 3.94 secs, 
03:22:05, Iteration_20190613_03_20_35,  test_case_complete ### TEST PASSED, <SUCCESS>, TIME TO SCAN: 3.21 secs, TIME TO CONNECT: 6.4 secs, TIME TO PAIR: 7.77 secs, 
03:24:47, Iteration_20190613_03_22_14,  test_case_complete ### TEST PASSED, <SUCCESS>, TIME TO SCAN: 5.31 secs, TIME TO CONNECT: 11.55 secs, TIME TO PAIR: 67.8 secs, 
03:26:24, Iteration_20190613_03_24_55,  test_case_complete ### TEST PASSED, <SUCCESS>, TIME TO SCAN: 0.94 secs, TIME TO CONNECT: 9.7 secs, TIME TO PAIR: 6.12 secs, 
03:29:47, Iteration_20190613_03_26_32,  ### VERIFICATION FAILED :: + click on HP Sprocket Select (01:C2), <FAILURE>, TIME TO SCAN: 2.91 secs, , , 
03:31:45, Iteration_20190613_03_29_56,  test_case_complete ### TEST PASSED, <SUCCESS>, TIME TO SCAN: 4.97 secs, TIME TO CONNECT: 16.42 secs, TIME TO PAIR: 4.13 secs, 
03:33:31, Iteration_20190613_03_31_54,  test_case_complete ### TEST PASSED, <SUCCESS>, TIME TO SCAN: 3.75 secs, TIME TO CONNECT: 16.89 secs, TIME TO PAIR: 6.38 secs, 
03:35:11, Iteration_20190613_03_33_40,  test_case_complete ### TEST PASSED, <SUCCESS>, TIME TO SCAN: 2.73 secs, TIME TO CONNECT: 14.07 secs, TIME TO PAIR: 3.34 secs, 
03:36:43, Iteration_20190613_03_35_19,  test_case_complete ### TEST PASSED, <SUCCESS>, TIME TO SCAN: 2.28 secs, TIME TO CONNECT: 8.47 secs, TIME TO PAIR: 3.09 secs, 
03:37:29, Iteration_20190613_03_36_51,  Unpaired, <OTHER ERROR>, , , , 
03:39:05, Iteration_20190613_03_37_39,  test_case_complete ### TEST PASSED, <SUCCESS>, TIME TO SCAN: 3.17 secs, TIME TO CONNECT: 8.31 secs, TIME TO PAIR: 4.66 secs, 
03:40:48, Iteration_20190613_03_39_13,  test_case_complete ### TEST PASSED, <SUCCESS>, TIME TO SCAN: 1.04 secs, TIME TO CONNECT: 13.18 secs, TIME TO PAIR: 3.52 secs, 
03:42:41, Iteration_20190613_03_40_56,  test_case_complete ### TEST PASSED, <SUCCESS>, TIME TO SCAN: 2.71 secs, TIME TO CONNECT: 27.13 secs, TIME TO PAIR: 1.8 secs, 
03:46:02, Iteration_20190613_03_42_49,  ### VERIFICATION FAILED :: + click on HP Sprocket Select (01:C2), <FAILURE>, TIME TO SCAN: 1.23 secs, , , 
03:47:58, Iteration_20190613_03_46_11,  test_case_complete ### TEST PASSED, <SUCCESS>, TIME TO SCAN: 4.14 secs, TIME TO CONNECT: 14.47 secs, TIME TO PAIR: 4.52 secs, 
03:49:40, Iteration_20190613_03_48_07,  test_case_complete ### TEST PASSED, <SUCCESS>, TIME TO SCAN: 4.14 secs, TIME TO CONNECT: 13.42 secs, TIME TO PAIR: 4.53 secs, 
03:51:27, Iteration_20190613_03_49_49,  test_case_complete ### TEST PASSED, <SUCCESS>, TIME TO SCAN: 4.98 secs, TIME TO CONNECT: 12.42 secs, TIME TO PAIR: 5.53 secs, 
03:53:12, Iteration_20190613_03_51_36,  test_case_complete ### TEST PASSED, <SUCCESS>, TIME TO SCAN: 5.42 secs, TIME TO CONNECT: 13.08 secs, TIME TO PAIR: 6.58 secs, 
03:54:40, Iteration_20190613_03_53_20,  test_case_complete ### TEST PASSED, <SUCCESS>, TIME TO SCAN: 2.2 secs, TIME TO CONNECT: 6.3 secs, TIME TO PAIR: 3.11 secs, 
03:56:13, Iteration_20190613_03_54_48,  test_case_complete ### TEST PASSED, <SUCCESS>, TIME TO SCAN: 0.97 secs, TIME TO CONNECT: 7.42 secs, TIME TO PAIR: 4.64 secs, 
03:57:55, Iteration_20190613_03_56_22,  test_case_complete ### TEST PASSED, <SUCCESS>, TIME TO SCAN: 4.53 secs, TIME TO CONNECT: 10.68 secs, TIME TO PAIR: 7.01 secs, 
03:59:27, Iteration_20190613_03_58_04,  test_case_complete ### TEST PASSED, <SUCCESS>, TIME TO SCAN: 1.01 secs, TIME TO CONNECT: 8.77 secs, TIME TO PAIR: 3.64 secs, 
04:00:57, Iteration_20190613_03_59_36,  test_case_complete ### TEST PASSED, <SUCCESS>, TIME TO SCAN: 1.48 secs, TIME TO CONNECT: 6.55 secs, TIME TO PAIR: 1.48 secs, 
04:02:30, Iteration_20190613_04_01_06,  test_case_complete ### TEST PASSED, <SUCCESS>, TIME TO SCAN: 0.94 secs, TIME TO CONNECT: 9.06 secs, TIME TO PAIR: 3.46 secs, 
04:04:01, Iteration_20190613_04_02_38,  test_case_complete ### TEST PASSED, <SUCCESS>, TIME TO SCAN: 0.94 secs, TIME TO CONNECT: 8.27 secs, TIME TO PAIR: 1.62 secs, 
04:05:38, Iteration_20190613_04_04_10,  test_case_complete ### TEST PASSED, <SUCCESS>, TIME TO SCAN: 4.84 secs, TIME TO CONNECT: 7.13 secs, TIME TO PAIR: 6.86 secs, 
04:07:13, Iteration_20190613_04_05_46,  test_case_complete ### TEST PASSED, <SUCCESS>, TIME TO SCAN: 0.94 secs, TIME TO CONNECT: 6.59 secs, TIME TO PAIR: 6.36 secs, 
04:08:56, Iteration_20190613_04_07_21,  test_case_complete ### TEST PASSED, <SUCCESS>, TIME TO SCAN: 5.26 secs, TIME TO CONNECT: 11.86 secs, TIME TO PAIR: 3.59 secs, 
04:10:26, Iteration_20190613_04_09_05,  test_case_complete ### TEST PASSED, <SUCCESS>, TIME TO SCAN: 0.88 secs, TIME TO CONNECT: 8.07 secs, TIME TO PAIR: 1.61 secs, 
04:11:58, Iteration_20190613_04_10_35,  test_case_complete ### TEST PASSED, <SUCCESS>, TIME TO SCAN: 0.93 secs, TIME TO CONNECT: 9.46 secs, TIME TO PAIR: 3.54 secs, 
04:13:54, Iteration_20190613_04_12_06,  test_case_complete ### TEST PASSED, <SUCCESS>, TIME TO SCAN: 19.69 secs, TIME TO CONNECT: 12.73 secs, TIME TO PAIR: 3.5 secs, 
,========= SUMMARY =========
,Pass: 473/488
,Failed: 15
,Other Errors: 11
,===========================
